Mon marché frais,Mon boucher,https://fd8-courses.leclercdrive.fr/magasin-266901-266901-Arnas/rayon-304388-Mon-boucher.aspx
Mon marché frais,Mon poissonnier,https://fd8-courses.leclercdrive.fr/magasin-266901-266901-Arnas/rayon-304389-Mon-poissonnier.aspx
Mon marché frais,Mon primeur,https://fd8-courses.leclercdrive.fr/magasin-266901-266901-Arnas/rayon-304390-Mon-primeur.aspx
Mon marché frais,Mon boulanger pâtissier,https://fd8-courses.leclercdrive.fr/magasin-266901-266901-Arnas/rayon-304391-Mon-boulanger-patissier.aspx
Mon marché frais,Mon fromager,https://fd8-courses.leclercdrive.fr/magasin-266901-266901-Arnas/rayon-304392-Mon-fromager.aspx
Mon marché frais,Mon charcutier,https://fd8-courses.leclercdrive.fr/magasin-266901-266901-Arnas/rayon-304393-Mon-charcutier.aspx
Mon marché frais,Mon Traiteur,https://fd8-courses.leclercdrive.fr/magasin-266901-266901-Arnas/rayon-304394-Mon-Traiteur.aspx
Viandes Poissons,Boucherie,https://fd8-courses.leclercdrive.fr/magasin-266901-266901-Arnas/rayon-284325-Boucherie.aspx
Viandes Poissons,Volailles et Gibiers,https://fd8-courses.leclercdrive.fr/magasin-266901-266901-Arnas/rayon-284326-Volailles-et-Gibiers.aspx
Viandes Poissons,Poissonnerie,https://fd8-courses.leclercdrive.fr/magasin-266901-266901-Arnas/rayon-284327-Poissonnerie.aspx
Viandes Poissons,Traiteur de la mer,https://fd8-courses.leclercdrive.fr/magasin-266901-266901-Arnas/rayon-285187-Traiteur-de-la-mer.aspx
Fruits Légumes,Légumes,https://fd8-courses.leclercdrive.fr/magasin-266901-266901-Arnas/rayon-284351-Legumes.aspx
Fruits Légumes,Fruits,https://fd8-courses.leclercdrive.fr/magasin-266901-266901-Arnas/rayon-284349-Fruits.aspx
Fruits Légumes,Jus de fruits et légumes frais,https://fd8-courses.leclercdrive.fr/magasin-266901-266901-Arnas/rayon-284350-Jus-de-fruits-et-legumes-frais.aspx
Pains Pâtisseries,Pains et Pâtisseries,https://fd8-courses.leclercdrive.fr/magasin-266901-266901-Arnas/rayon-284358-Pains-et-Patisseries.aspx
Pains Pâtisseries,Pains de mie et Pains grillés,https://fd8-courses.leclercdrive.fr/magasin-266901-266901-Arnas/rayon-284361-Pains-de-mie-et-Pains-grilles.aspx
Pains Pâtisseries,Pâtisseries moelleuses,https://fd8-courses.leclercdrive.fr/magasin-266901-266901-Arnas/rayon-284362-Patisseries-moelleuses.aspx
Laitier Oeufs Végétal,Laits et Oeufs,https://fd8-courses.leclercdrive.fr/magasin-266901-266901-Arnas/rayon-284370-Laits-et-Oeufs.aspx
Laitier Oeufs Végétal,Crèmerie,https://fd8-courses.leclercdrive.fr/magasin-266901-266901-Arnas/rayon-284371-Cremerie.aspx
Laitier Oeufs Végétal,Fromages,https://fd8-courses.leclercdrive.fr/magasin-266901-266901-Arnas/rayon-284372-Fromages.aspx
Laitier Oeufs Végétal,Yaourts et Fromages Blancs,https://fd8-courses.leclercdrive.fr/magasin-266901-266901-Arnas/rayon-284375-Yaourts-et-Fromages-Blancs.aspx
Laitier Oeufs Végétal,Desserts et Compotes,https://fd8-courses.leclercdrive.fr/magasin-266901-266901-Arnas/rayon-284376-Desserts-et-Compotes.aspx
Laitier Oeufs Végétal,Végétal,https://fd8-courses.leclercdrive.fr/magasin-266901-266901-Arnas/rayon-316063-Vegetal.aspx
Laitier Oeufs Végétal,Laitier Oeufs Bio,https://fd8-courses.leclercdrive.fr/magasin-266901-266901-Arnas/rayon-314438-Laitier-Oeufs-Bio.aspx
Charcuterie Traiteur ,Charcuteries,https://fd8-courses.leclercdrive.fr/magasin-266901-266901-Arnas/rayon-315991-Charcuteries.aspx
Charcuterie Traiteur ,Traiteur,https://fd8-courses.leclercdrive.fr/magasin-266901-266901-Arnas/rayon-315993-Traiteur.aspx
Charcuterie Traiteur ,Snacking et Plats cuisinés,https://fd8-courses.leclercdrive.fr/magasin-266901-266901-Arnas/rayon-315992-Snacking-et-Plats-cuisines.aspx
Charcuterie Traiteur ,Apéritif Frais et Surgelés,https://fd8-courses.leclercdrive.fr/magasin-266901-266901-Arnas/rayon-315990-Aperitif-Frais-et-Surgeles.aspx
Surgelés,Apéritifs et entrées,https://fd8-courses.leclercdrive.fr/magasin-266901-266901-Arnas/rayon-284247-Aperitifs-et-entrees.aspx
Surgelés,Viandes et Volailles,https://fd8-courses.leclercdrive.fr/magasin-266901-266901-Arnas/rayon-319777-Viandes-et-Volailles.aspx
Surgelés,Poissons et Fruits de mer,https://fd8-courses.leclercdrive.fr/magasin-266901-266901-Arnas/rayon-319785-Poissons-et-Fruits-de-mer.aspx
Surgelés,Plats cuisinés, Pizzas, Tartes,https://fd8-courses.leclercdrive.fr/magasin-266901-266901-Arnas/rayon-284248-Plats-cuisines-Pizzas-Tartes.aspx
Surgelés,Légumes et Poêlées,https://fd8-courses.leclercdrive.fr/magasin-266901-266901-Arnas/rayon-319801-Legumes-et-Poelees.aspx
Surgelés,Frites et Pommes de terre,https://fd8-courses.leclercdrive.fr/magasin-266901-266901-Arnas/rayon-319790-Frites-et-Pommes-de-terre.aspx
Surgelés,Glaces et Desserts glacés,https://fd8-courses.leclercdrive.fr/magasin-266901-266901-Arnas/rayon-284251-Glaces-et-Desserts-glaces.aspx
Epicerie salée,Conserves de légumes,https://fd8-courses.leclercdrive.fr/magasin-266901-266901-Arnas/rayon-284422-Conserves-de-legumes.aspx
Epicerie salée,Conserves de poisson et viande,https://fd8-courses.leclercdrive.fr/magasin-266901-266901-Arnas/rayon-303866-Conserves-de-poisson-et-viande.aspx
Epicerie salée,Assaisonnements et Condiments,https://fd8-courses.leclercdrive.fr/magasin-266901-266901-Arnas/rayon-284425-Assaisonnements-et-Condiments.aspx
Epicerie salée,Apéritifs,https://fd8-courses.leclercdrive.fr/magasin-266901-266901-Arnas/rayon-284424-Aperitifs.aspx
Epicerie salée,Pâtes, Riz, Purées, Féculents,https://fd8-courses.leclercdrive.fr/magasin-266901-266901-Arnas/rayon-284421-Pates-Riz-Purees-Feculents.aspx
Epicerie salée,Saveurs du monde,https://fd8-courses.leclercdrive.fr/magasin-266901-266901-Arnas/rayon-288991-Saveurs-du-monde.aspx
Epicerie salée,Plats cuisinés,https://fd8-courses.leclercdrive.fr/magasin-266901-266901-Arnas/rayon-284423-Plats-cuisines.aspx
Epicerie salée,Soupes et Croutons,https://fd8-courses.leclercdrive.fr/magasin-266901-266901-Arnas/rayon-284426-Soupes-et-Croutons.aspx
Epicerie salée,Bouillons, Fonds et Sauces,https://fd8-courses.leclercdrive.fr/magasin-266901-266901-Arnas/rayon-288378-Bouillons-Fonds-et-Sauces.aspx
Epicerie salée,Epicerie salée Bio,https://fd8-courses.leclercdrive.fr/magasin-266901-266901-Arnas/rayon-314431-Epicerie-salee-Bio.aspx
Epicerie sucrée,Cafés,https://fd8-courses.leclercdrive.fr/magasin-266901-266901-Arnas/rayon-284748-Cafes.aspx
Epicerie sucrée,Thés et Poudres chocolatées,https://fd8-courses.leclercdrive.fr/magasin-266901-266901-Arnas/rayon-293232-Thes-et-Poudres-chocolatees.aspx
Epicerie sucrée,Petits déjeuners,https://fd8-courses.leclercdrive.fr/magasin-266901-266901-Arnas/rayon-284467-Petits-dejeuners.aspx
Epicerie sucrée,Biscuits,https://fd8-courses.leclercdrive.fr/magasin-266901-266901-Arnas/rayon-284482-Biscuits.aspx
Epicerie sucrée,Chocolats et Tablettes,https://fd8-courses.leclercdrive.fr/magasin-266901-266901-Arnas/rayon-284484-Chocolats-et-Tablettes.aspx
Epicerie sucrée,Bonbons et Chewing gum,https://fd8-courses.leclercdrive.fr/magasin-266901-266901-Arnas/rayon-304248-Bonbons-et-Chewing-gum.aspx
Epicerie sucrée,Desserts, Sucres et Farines,https://fd8-courses.leclercdrive.fr/magasin-266901-266901-Arnas/rayon-284485-Desserts-Sucres-et-Farines.aspx
Epicerie sucrée,Nutrition et Bien-être,https://fd8-courses.leclercdrive.fr/magasin-266901-266901-Arnas/rayon-288906-Nutrition-et-Bien-etre.aspx
Epicerie sucrée,Epicerie sucrée Bio,https://fd8-courses.leclercdrive.fr/magasin-266901-266901-Arnas/rayon-314461-Epicerie-sucree-Bio.aspx
Boissons,Sodas et Boissons aux fruits,https://fd8-courses.leclercdrive.fr/magasin-266901-266901-Arnas/rayon-284529-Sodas-et-Boissons-aux-fruits.aspx
Boissons,Eaux,https://fd8-courses.leclercdrive.fr/magasin-266901-266901-Arnas/rayon-284534-Eaux.aspx
Boissons,Laits et Boissons végétales,https://fd8-courses.leclercdrive.fr/magasin-266901-266901-Arnas/rayon-313724-Laits-et-Boissons-vegetales.aspx
Boissons,Jus de fruits et légumes,https://fd8-courses.leclercdrive.fr/magasin-266901-266901-Arnas/rayon-284520-Jus-de-fruits-et-legumes.aspx
Boissons,Bières et Cidres,https://fd8-courses.leclercdrive.fr/magasin-266901-266901-Arnas/rayon-294998-Bieres-et-Cidres.aspx
Boissons,Alcools et Apéritifs,https://fd8-courses.leclercdrive.fr/magasin-266901-266901-Arnas/rayon-284519-Alcools-et-Aperitifs.aspx
Boissons,Vins,https://fd8-courses.leclercdrive.fr/magasin-266901-266901-Arnas/rayon-289555-Vins.aspx
Boissons,Champagnes et Mousseux,https://fd8-courses.leclercdrive.fr/magasin-266901-266901-Arnas/rayon-284518-Champagnes-et-Mousseux.aspx
Boissons,Cafés et Boissons chaudes,https://fd8-courses.leclercdrive.fr/magasin-266901-266901-Arnas/rayon-319827-Cafes-et-Boissons-chaudes.aspx
Bébé,Le BIO,https://fd8-courses.leclercdrive.fr/magasin-266901-266901-Arnas/rayon-291327-Le-BIO.aspx
Bébé,Laits et Eaux,https://fd8-courses.leclercdrive.fr/magasin-266901-266901-Arnas/rayon-284552-Laits-et-Eaux.aspx
Bébé,Céréales et Petits Déjeuners,https://fd8-courses.leclercdrive.fr/magasin-266901-266901-Arnas/rayon-312224-Cereales-et-Petits-Dejeuners.aspx
Bébé,Repas de bébé,https://fd8-courses.leclercdrive.fr/magasin-266901-266901-Arnas/rayon-284553-Repas-de-bebe.aspx
Bébé,Goûters, Desserts et Boissons,https://fd8-courses.leclercdrive.fr/magasin-266901-266901-Arnas/rayon-284554-Gouters-Desserts-et-Boissons.aspx
Bébé,Couches, Lingettes et Cotons,https://fd8-courses.leclercdrive.fr/magasin-266901-266901-Arnas/rayon-284555-Couches-Lingettes-et-Cotons.aspx
Bébé,Soins et Puériculture,https://fd8-courses.leclercdrive.fr/magasin-266901-266901-Arnas/rayon-284556-Soins-et-Puericulture.aspx
Bio à prix E.Leclerc,Le marché Bio,https://fd8-courses.leclercdrive.fr/magasin-266901-266901-Arnas/rayon-284557-Le-marche-Bio.aspx
Bio à prix E.Leclerc,Frais et Surgelés Bio,https://fd8-courses.leclercdrive.fr/magasin-266901-266901-Arnas/rayon-284558-Frais-et-Surgeles-Bio.aspx
Bio à prix E.Leclerc,Boissons Bio,https://fd8-courses.leclercdrive.fr/magasin-266901-266901-Arnas/rayon-284561-Boissons-Bio.aspx
Bio à prix E.Leclerc,Bébé Bio,https://fd8-courses.leclercdrive.fr/magasin-266901-266901-Arnas/rayon-284562-Bebe-Bio.aspx
Bio à prix E.Leclerc,Hygiène et Beauté Bio,https://fd8-courses.leclercdrive.fr/magasin-266901-266901-Arnas/rayon-284563-Hygiene-et-Beaute-Bio.aspx
Hygiène Beauté,Hygiène et Soins du corps,https://fd8-courses.leclercdrive.fr/magasin-266901-266901-Arnas/rayon-284593-Hygiene-et-Soins-du-corps.aspx
Hygiène Beauté,Soins des cheveux,https://fd8-courses.leclercdrive.fr/magasin-266901-266901-Arnas/rayon-284602-Soins-des-cheveux.aspx
Hygiène Beauté,Soins du visage et Maquillage,https://fd8-courses.leclercdrive.fr/magasin-266901-266901-Arnas/rayon-284601-Soins-du-visage-et-Maquillage.aspx
Hygiène Beauté,Hygiène dentaire,https://fd8-courses.leclercdrive.fr/magasin-266901-266901-Arnas/rayon-284611-Hygiene-dentaire.aspx
Hygiène Beauté,Soins et Hygiène des hommes,https://fd8-courses.leclercdrive.fr/magasin-266901-266901-Arnas/rayon-284615-Soins-et-Hygiene-des-hommes.aspx
Hygiène Beauté,Hygiène féminine, Incontinence,https://fd8-courses.leclercdrive.fr/magasin-266901-266901-Arnas/rayon-284623-Hygiene-feminine-Incontinence.aspx
Hygiène Beauté,Parapharmacie,https://fd8-courses.leclercdrive.fr/magasin-266901-266901-Arnas/rayon-284629-Parapharmacie.aspx
Hygiène Beauté,Essuie-tout, Papiers et Cotons,https://fd8-courses.leclercdrive.fr/magasin-266901-266901-Arnas/rayon-284633-Essuie-tout-Papiers-et-Cotons.aspx
Entretien Nettoyage,Lessives,https://fd8-courses.leclercdrive.fr/magasin-266901-266901-Arnas/rayon-284639-Lessives.aspx
Entretien Nettoyage,Entretien du linge,https://fd8-courses.leclercdrive.fr/magasin-266901-266901-Arnas/rayon-284645-Entretien-du-linge.aspx
Entretien Nettoyage,Nettoyants vaisselle,https://fd8-courses.leclercdrive.fr/magasin-266901-266901-Arnas/rayon-284646-Nettoyants-vaisselle.aspx
Entretien Nettoyage,Nettoyants maisons,https://fd8-courses.leclercdrive.fr/magasin-266901-266901-Arnas/rayon-284647-Nettoyants-maisons.aspx
Entretien Nettoyage,Accessoires ménagers,https://fd8-courses.leclercdrive.fr/magasin-266901-266901-Arnas/rayon-284649-Accessoires-menagers.aspx
Entretien Nettoyage,Désodorisants et Bougies,https://fd8-courses.leclercdrive.fr/magasin-266901-266901-Arnas/rayon-284648-Desodorisants-et-Bougies.aspx
Animalerie,Les chiens,https://fd8-courses.leclercdrive.fr/magasin-266901-266901-Arnas/rayon-284671-Les-chiens.aspx
Animalerie,Les chats,https://fd8-courses.leclercdrive.fr/magasin-266901-266901-Arnas/rayon-284675-Les-chats.aspx
Animalerie,Autres animaux,https://fd8-courses.leclercdrive.fr/magasin-266901-266901-Arnas/rayon-284676-Autres-animaux.aspx