2,Mon marché frais,Mon primeur,https://www.intermarche.com/rayons/mon-marche-frais/mon-primeur/15070
3,Mon marché frais,Mon boucher,https://www.intermarche.com/rayons/mon-marche-frais/mon-boucher/15071
4,Mon marché frais,Mon poissonnier,https://www.intermarche.com/rayons/mon-marche-frais/mon-poissonnier/15072
5,Mon marché frais,Mon charcutier,https://www.intermarche.com/rayons/mon-marche-frais/mon-charcutier/15073
6,Mon marché frais,Mon traiteur,https://www.intermarche.com/rayons/mon-marche-frais/mon-traiteur/15074
7,Mon marché frais,Mon fromager,https://www.intermarche.com/rayons/mon-marche-frais/mon-fromager/15075
8,Mon marché frais,Pains et Pâtisseries,https://www.intermarche.com/rayons/mon-marche-frais/pains-et-patisseries/15078
9,Bio,Du Bio pour bébé,https://www.intermarche.com/rayons/bio/du-bio-pour-bebe/6866
10,Bio,Fruits et Légumes Bio,https://www.intermarche.com/rayons/bio/fruits-et-legumes-bio/8637
11,Bio,Produits frais Bio,https://www.intermarche.com/rayons/bio/produits-frais-bio/6961
12,Bio,Surgelés Bio,https://www.intermarche.com/rayons/bio/surgeles-bio/6867
13,Bio,Epicerie salée Bio,https://www.intermarche.com/rayons/bio/epicerie-salee-bio/6962
14,Bio,Épicerie sucrée Bio,https://www.intermarche.com/rayons/bio/epicerie-sucree-bio/6963
15,Bio,Boissons Bio,https://www.intermarche.com/rayons/bio/boissons-bio/6964
16,Bio,Hygiène et Soin Bio,https://www.intermarche.com/rayons/bio/hygiene-et-soin-bio/6965
17,Bio,Entretien écologique,https://www.intermarche.com/rayons/bio/entretien-ecologique/6966
18,Fruits et Légumes,Fruits,https://www.intermarche.com/rayons/fruits-et-legumes/fruits/7569
19,Fruits et Légumes,Légumes,https://www.intermarche.com/rayons/fruits-et-legumes/legumes/7570
20,Fruits et Légumes,Fruits et Légumes découpés,https://www.intermarche.com/rayons/fruits-et-legumes/fruits-et-legumes-decoupes/16210
21,Fruits et Légumes,Légumes cuisinés,https://www.intermarche.com/rayons/fruits-et-legumes/legumes-cuisines/16211
22,Fruits et Légumes,Jus de fruits frais,https://www.intermarche.com/rayons/fruits-et-legumes/jus-de-fruits-frais/7572
23,Fruits et Légumes,Fruits et Légumes secs,https://www.intermarche.com/rayons/fruits-et-legumes/fruits-et-legumes-secs/7573
24,Fruits et Légumes,Fruits et Légumes secs en vrac,https://www.intermarche.com/rayons/fruits-et-legumes/fruits-et-legumes-secs-en-vrac/8574
25,Viandes et Poissons,Viandes et Poissons Bio,https://www.intermarche.com/rayons/viandes-et-poissons/viandes-et-poissons-bio/9587
26,Viandes et Poissons,Viandes et Poissons à la coupe,https://www.intermarche.com/rayons/viandes-et-poissons/viandes-et-poissons-a-la-coupe/9588
27,Viandes et Poissons,Boucherie,https://www.intermarche.com/rayons/viandes-et-poissons/boucherie/9590
28,Viandes et Poissons,Volaille,https://www.intermarche.com/rayons/viandes-et-poissons/volaille/9591
29,Viandes et Poissons,Poissonnerie,https://www.intermarche.com/rayons/viandes-et-poissons/poissonnerie/9592
30,Viandes et Poissons,Traiteur de la mer,https://www.intermarche.com/rayons/viandes-et-poissons/traiteur-de-la-mer/9593
31,Viandes et Poissons,Sushi et Maki traditionnel,https://www.intermarche.com/rayons/viandes-et-poissons/sushi-et-maki-traditionnel/sauces/16289
32,Viandes et Poissons,Spécial Barbecue,https://www.intermarche.com/rayons/viandes-et-poissons/special-barbecue/9589
33,Charcuterie,Charcuterie Bio,https://www.intermarche.com/rayons/charcuterie/charcuterie-bio/15406
34,Charcuterie,Charcuterie traditionnelle,https://www.intermarche.com/rayons/charcuterie/charcuterie-traditionnelle/15499
35,Charcuterie,Pâtés Rillettes et Foies gras,https://www.intermarche.com/rayons/charcuterie/pates-rillettes-et-foies-gras/15388
36,Charcuterie,Saucissons secs Chorizos et Salamis,https://www.intermarche.com/rayons/charcuterie/saucissons-secs-chorizos-et-salamis/15391
37,Charcuterie,Jambons et Rôtis,https://www.intermarche.com/rayons/charcuterie/jambons-et-rotis/15392
38,Charcuterie,Jambons et Rôtis de volaille,https://www.intermarche.com/rayons/charcuterie/jambons-et-rotis-de-volaille/15393
39,Charcuterie,Jambons crus,https://www.intermarche.com/rayons/charcuterie/jambons-crus/15394
40,Charcuterie,Lardons Dés et Bacons,https://www.intermarche.com/rayons/charcuterie/lardons-des-et-bacons/15395
41,Charcuterie,Saucisses Knacks et Boudins,https://www.intermarche.com/rayons/charcuterie/saucisses-knacks-et-boudins/15396
42,Charcuterie,Produits tripier,https://www.intermarche.com/rayons/charcuterie/produits-tripier/15498
43,Charcuterie,Halal et Casher,https://www.intermarche.com/rayons/charcuterie/halal-et-casher/charcuterie-halal/15402
44,Traiteur,Traiteur Bio,https://www.intermarche.com/rayons/traiteur/traiteur-bio/9625
45,Traiteur,Traiteur traditionnel,https://www.intermarche.com/rayons/traiteur/traiteur-traditionnel/13023
46,Traiteur,Salades préparées et Composées,https://www.intermarche.com/rayons/traiteur/salades-preparees-et-composees/9628
47,Traiteur,Salades à base de crudités,https://www.intermarche.com/rayons/traiteur/salades-a-base-de-crudites/14778
48,Traiteur,Entrée et Apéritif,https://www.intermarche.com/rayons/traiteur/entree-et-aperitif/10272
49,Traiteur,Pâtes fraîches et Gnocchi,https://www.intermarche.com/rayons/traiteur/pates-fraiches-et-gnocchi/9629
50,Traiteur,Pâte à tarte et à pizza,https://www.intermarche.com/rayons/traiteur/pate-a-tarte-et-a-pizza/9630
51,Traiteur,Petit repas rapide et Box,https://www.intermarche.com/rayons/traiteur/petit-repas-rapide-et-box/9631
52,Traiteur,Plat cuisiné,https://www.intermarche.com/rayons/traiteur/plat-cuisine/10266
53,Traiteur,Pizza Tarte et Crêpe,https://www.intermarche.com/rayons/traiteur/pizza-tarte-et-crepe/9632
54,Traiteur,Panés et Nuggets,https://www.intermarche.com/rayons/traiteur/panes-et-nuggets/9633
55,Traiteur,Traiteur végétal,https://www.intermarche.com/rayons/traiteur/traiteur-vegetal/14777
56,Pains et Pâtisseries,Pains et Pâtisseries Bio,https://www.intermarche.com/rayons/pains-et-patisseries/pains-et-patisseries-bio/9677
57,Pains et Pâtisseries,Pains frais,https://www.intermarche.com/rayons/pains-et-patisseries/pains-frais/9678
58,Pains et Pâtisseries,Pains de mie et Toasts,https://www.intermarche.com/rayons/pains-et-patisseries/pains-de-mie-et-toasts/9679
59,Pains et Pâtisseries,Pains sandwichs et Burgers,https://www.intermarche.com/rayons/pains-et-patisseries/pains-sandwichs-et-burgers/pains-burgers/14755
60,Pains et Pâtisseries,Viennoiseries et Brioches fraîches,https://www.intermarche.com/rayons/pains-et-patisseries/viennoiseries-et-brioches-fraiches/9680
70,Surgelés,Glace et Sorbet,https://www.intermarche.com/rayons/surgeles/glace-et-sorbet/6776
71,Surgelés,Apéritif Entrée et Snacking,https://www.intermarche.com/rayons/surgeles/aperitif-entree-et-snacking/6770
72,Surgelés,Pizza,https://www.intermarche.com/rayons/surgeles/pizza/6771
73,Surgelés,Pomme de terre et légume,https://www.intermarche.com/rayons/surgeles/pomme-de-terre-et-legume/6773
74,Surgelés,Viande,https://www.intermarche.com/rayons/surgeles/viande/6774
75,Surgelés,Poisson et fruit de mer,https://www.intermarche.com/rayons/surgeles/poisson-et-fruit-de-mer/6775
76,Surgelés,Dessert et pâtisserie,https://www.intermarche.com/rayons/surgeles/dessert-et-patisserie/6777
77,Surgelés,Saveurs du monde,https://www.intermarche.com/rayons/surgeles/saveurs-du-monde/16297
78,Épicerie sucrée,Biscuits,https://www.intermarche.com/rayons/epicerie-sucree/biscuits/7602
79,Épicerie sucrée,Gâteaux moelleux,https://www.intermarche.com/rayons/epicerie-sucree/gateaux-moelleux/14897
80,Épicerie sucrée,Petit Déjeuner,https://www.intermarche.com/rayons/epicerie-sucree/petit-dejeuner/7604
81,Épicerie sucrée,Confiseries et Chocolats,https://www.intermarche.com/rayons/epicerie-sucree/confiseries-et-chocolats/7603
82,Épicerie sucrée,Compotes et Fruits au sirop,https://www.intermarche.com/rayons/epicerie-sucree/compotes-et-fruits-au-sirop/14884
83,Épicerie sucrée,Farine et Pâtisserie,https://www.intermarche.com/rayons/epicerie-sucree/farine-et-patisserie/7607
84,Épicerie sucrée,Sucre et Edulcorant,https://www.intermarche.com/rayons/epicerie-sucree/sucre-et-edulcorant/7608
85,Épicerie sucrée,Cafés et Filtres,https://www.intermarche.com/rayons/epicerie-sucree/cafes-et-filtres/7605
86,Épicerie sucrée,Thé et Boisson chocolatée,https://www.intermarche.com/rayons/epicerie-sucree/the-et-boisson-chocolatee/7606
87,Épicerie sucrée,Nutrition et Diététique,https://www.intermarche.com/rayons/epicerie-sucree/nutrition-et-dietetique/9248
88,Épicerie salée,Épicerie salée Bio,https://www.intermarche.com/rayons/epicerie-salee/epicerie-salee-bio/7599
89,Épicerie salée,Apéritifs et Chips,https://www.intermarche.com/rayons/epicerie-salee/aperitifs-et-chips/7600
90,Épicerie salée,"Pâtes Riz Purée et Féculents",https://www.intermarche.com/rayons/epicerie-salee/pates-riz-puree-et-feculents/7593
91,Épicerie salée,"Plats cuisinés Pâtés et Foies gras",https://www.intermarche.com/rayons/epicerie-salee/plats-cuisines-pates-et-foies-gras/14037
92,Épicerie salée,Conserves de poissons,https://www.intermarche.com/rayons/epicerie-salee/conserves-de-poissons/14039
93,Épicerie salée,Conserves de légumes,https://www.intermarche.com/rayons/epicerie-salee/conserves-de-legumes/14038
94,Épicerie salée,"Sel Huile Épices et Condiments",https://www.intermarche.com/rayons/epicerie-salee/sel-huile-epices-et-condiments/7595
95,Épicerie salée,Sauces et Bouillons,https://www.intermarche.com/rayons/epicerie-salee/sauces-et-bouillons/7597
96,Épicerie salée,Soupes et Croûtons,https://www.intermarche.com/rayons/epicerie-salee/soupes-et-croutons/7596
97,"Eaux Sodas Jus",Eaux plates,https://www.intermarche.com/rayons/eaux-sodas-jus/eaux-plates/15384
98,"Eaux Sodas Jus",Eaux gazeuses,https://www.intermarche.com/rayons/eaux-sodas-jus/eaux-gazeuses/15471
99,"Eaux Sodas Jus","Colas Thés glacés Boissons gazeuses",https://www.intermarche.com/rayons/eaux-sodas-jus/colas-thes-glaces-boissons-gazeuses/15454
100,"Eaux Sodas Jus",Boissons énergisantes et Sports,https://www.intermarche.com/rayons/eaux-sodas-jus/boissons-energisantes-et-sports/15626
101,"Eaux Sodas Jus",Boissons aux fruits,https://www.intermarche.com/rayons/eaux-sodas-jus/boissons-aux-fruits/15451
102,"Eaux Sodas Jus",Jus frais et Soupes fraîches,https://www.intermarche.com/rayons/eaux-sodas-jus/jus-frais-et-soupes-fraiches/15473
103,"Eaux Sodas Jus",Jus de fruits et Légumes,https://www.intermarche.com/rayons/eaux-sodas-jus/jus-de-fruits-et-legumes/15463
104,"Eaux Sodas Jus",Sirops et Concentrés,https://www.intermarche.com/rayons/eaux-sodas-jus/sirops-et-concentres/15449
105,"Eaux Sodas Jus","Laits Boissons lactées et Végétales",https://www.intermarche.com/rayons/eaux-sodas-jus/laits-boissons-lactees-et-vegetales/15448
106,"Eaux Sodas Jus",Cafés et Thés,https://www.intermarche.com/rayons/eaux-sodas-jus/cafes-et-thes/15429
107,"Vins Bières et Alcools",Vins,https://www.intermarche.com/rayons/vins-bieres-et-alcools/vins/6829
108,"Vins Bières et Alcools",Champagnes et Effervescents,https://www.intermarche.com/rayons/vins-bieres-et-alcools/champagnes-et-effervescents/15505
109,"Vins Bières et Alcools",Bières et Cidres,https://www.intermarche.com/rayons/vins-bieres-et-alcools/bieres-et-cidres/6895
110,"Vins Bières et Alcools","Apéritifs Spiritueux et Digestifs",https://www.intermarche.com/rayons/vins-bieres-et-alcools/aperitifs-spiritueux-et-digestifs/6756
111,"Vins Bières et Alcools",Sans alcool,https://www.intermarche.com/rayons/vins-bieres-et-alcools/sans-alcool/15054
112,Alimentation alternative,Nutrition et diététique,https://www.intermarche.com/rayons/alimentation-alternative/nutrition-et-dietetique/14191
113,Alimentation alternative,Végétal et Végétarien,https://www.intermarche.com/rayons/alimentation-alternative/vegetal-et-vegetarien-/14190
114,Alimentation alternative,Sans gluten,https://www.intermarche.com/rayons/alimentation-alternative/sans-gluten/14188
115,Alimentation alternative,Compléments alimentaires,https://www.intermarche.com/rayons/alimentation-alternative/complements-alimentaires/14187
116,Bébé,Lait et Petit-Déjeuner,https://www.intermarche.com/rayons/bebe/lait-et-petit-dejeuner/6858
117,Bébé,Repas de bébé,https://www.intermarche.com/rayons/bebe/repas-de-bebe/6859
118,Bébé,Goûter et Dessert,https://www.intermarche.com/rayons/bebe/gouter-et-dessert/6860
119,Bébé,Couche-culottes,https://www.intermarche.com/rayons/bebe/couche-culottes/6861
120,Bébé,Toilette et Soins,https://www.intermarche.com/rayons/bebe/toilette-et-soins/6862
121,Bébé,Eveil et Jouets,https://www.intermarche.com/rayons/bebe/eveil-et-jouets/7567
122,Bébé,Equipement et Accessoire bébé,https://www.intermarche.com/rayons/bebe/equipement-et-accessoire-bebe/7552
123,Animaux,Sélection chat,https://www.intermarche.com/rayons/animaux/selection-chat/7646
124,Animaux,Sélection chien,https://www.intermarche.com/rayons/animaux/selection-chien/7647
125,Animaux,Les lapins et petits mammifères,https://www.intermarche.com/rayons/animaux/les-lapins-et-petits-mammiferes/7612
126,Animaux,Les oiseaux,https://www.intermarche.com/rayons/animaux/les-oiseaux/7613
127,Animaux,Les poissons,https://www.intermarche.com/rayons/animaux/les-poissons/7614
128,Animaux,Nos autres compagnons,https://www.intermarche.com/rayons/animaux/nos-autres-compagnons/7615
129,Hygiène et Beauté,Soin des cheveux,https://www.intermarche.com/rayons/hygiene-et-beaute/soin-des-cheveux/7617
130,Hygiène et Beauté,Soin du visage,https://www.intermarche.com/rayons/hygiene-et-beaute/soin-du-visage/7619
131,Hygiène et Beauté,Soin du corps,https://www.intermarche.com/rayons/hygiene-et-beaute/soin-du-corps/7618
132,Hygiène et Beauté,Hygiène dentaire,https://www.intermarche.com/rayons/hygiene-et-beaute/hygiene-dentaire/7622
133,Hygiène et Beauté,Maquillage,https://www.intermarche.com/rayons/hygiene-et-beaute/maquillage/8506
134,Hygiène et Beauté,Soin des hommes,https://www.intermarche.com/rayons/hygiene-et-beaute/soin-des-hommes/7621
135,Hygiène et Beauté,Hygiène féminine,https://www.intermarche.com/rayons/hygiene-et-beaute/hygiene-feminine/7673
136,Hygiène et Beauté,Incontinence,https://www.intermarche.com/rayons/hygiene-et-beaute/incontinence/16088
137,Hygiène et Beauté,Parapharmacie,https://www.intermarche.com/rayons/hygiene-et-beaute/parapharmacie/7623
138,Hygiène et Beauté,Papiers et Mouchoirs,https://www.intermarche.com/rayons/hygiene-et-beaute/papiers-et-mouchoirs/7624
139,Hygiène et Beauté,Plaisir intime,https://www.intermarche.com/rayons/hygiene-et-beaute/plaisir-intime/12124
140,Hygiène et Beauté,Prévention virus,https://www.intermarche.com/rayons/hygiene-et-beaute/prevention-virus/masques/14535
141,Hygiène et Beauté,Solaire,https://www.intermarche.com/rayons/hygiene-et-beaute/solaire/13713
142,Entretien et Nettoyage,Lessives et Soin du linge,https://www.intermarche.com/rayons/entretien-et-nettoyage/lessives-et-soin-du-linge/7626
143,Entretien et Nettoyage,Produits nettoyants et Multi usages,https://www.intermarche.com/rayons/entretien-et-nettoyage/produits-nettoyants-et-multi-usages/14737
144,Entretien et Nettoyage,Essuie-tout et Papiers,https://www.intermarche.com/rayons/entretien-et-nettoyage/essuie-tout-et-papiers/7628
145,Entretien et Nettoyage,Nettoyants vaisselle,https://www.intermarche.com/rayons/entretien-et-nettoyage/nettoyants-vaisselle/14738
146,Entretien et Nettoyage,Sacs poubelles et Accessoires de ménage,https://www.intermarche.com/rayons/entretien-et-nettoyage/sacs-poubelles-et-accessoires-de-menage/7629
147,Entretien et Nettoyage,Salles de bains et WC,https://www.intermarche.com/rayons/entretien-et-nettoyage/salles-de-bains-et-wc/7631
148,Entretien et Nettoyage,"Insecticides Désodorisants Cirages",https://www.intermarche.com/rayons/entretien-et-nettoyage/insecticides-desodorisants-cirages/7633