"Fruits et Légumes","Fruits et légumes bio",https://www.coursesu.com/c/fruits-et-legumes/fruits-et-legumes-bio
"Fruits et Légumes","Fruits",https://www.coursesu.com/c/fruits-et-legumes/fruits
"Fruits et Légumes","Légumes",https://www.coursesu.com/c/fruits-et-legumes/legumes
"Fruits et Légumes","Prêts à consommer",https://www.coursesu.com/c/fruits-et-legumes/prets-a-consommer
"Viandes, poissons","Préparé sur place par nos bouchers",https://www.coursesu.com/c/viandes-poissons/prepare-sur-place-par-nos-bouchers
"Viandes, poissons","Boucherie",https://www.coursesu.com/c/viandes-poissons/boucherie
"Viandes, poissons","Volaille",https://www.coursesu.com/c/viandes-poissons/volaille
"Viandes, poissons","Préparé sur place par nos poissonniers",https://www.coursesu.com/c/viandes-poissons/prepare-sur-place-par-nos-poissonniers
"Viandes, poissons","Traiteur de la mer",https://www.coursesu.com/c/viandes-poissons/traiteur-de-la-mer
"Charcuterie, traiteur","Apéritif",https://www.coursesu.com/c/charcuterie-traiteur/aperitif
"Charcuterie, traiteur","Charcuterie traditionnelle",https://www.coursesu.com/c/charcuterie-traiteur/charcuterie-traditionnelle
"Charcuterie, traiteur","Charcuterie",https://www.coursesu.com/c/charcuterie-traiteur/charcuterie
"Charcuterie, traiteur","Traiteur traditionnel",https://www.coursesu.com/c/charcuterie-traiteur/traiteur-traditionnel
"Charcuterie, traiteur","Salade et entrée",https://www.coursesu.com/c/charcuterie-traiteur/salade-et-entree
"Charcuterie, traiteur","Pâte à tarte et autre pâte",https://www.coursesu.com/c/charcuterie-traiteur/pate-a-tarte-et-autre-pate
"Charcuterie, traiteur","Pizza, quiche, pâte fraîche, crêpe",https://www.coursesu.com/c/charcuterie-traiteur/pizza-quiche-pate-fraiche-crepe
"Charcuterie, traiteur","Végétal",https://www.coursesu.com/c/charcuterie-traiteur/vegetal
"Charcuterie, traiteur","Plat cuisiné et cuisine du monde",https://www.coursesu.com/c/charcuterie-traiteur/plat-cuisine-et-cuisine-du-monde
"Charcuterie, traiteur","Sandwich et repas express",https://www.coursesu.com/c/charcuterie-traiteur/sandwich-et-repas-express
"Produits frais","Beurres, crèmes et oeufs",https://www.coursesu.com/c/produits-frais/beurres-cremes-et-oeufs
"Produits frais","Laits",https://www.coursesu.com/c/produits-frais/laits
"Produits frais","Fromages à déguster",https://www.coursesu.com/c/produits-frais/fromages-a-deguster
"Produits frais","Fromages à cuisiner, apéritifs et râpés",https://www.coursesu.com/c/produits-frais/fromages-a-cuisiner-aperitifs-et-rapes
"Produits frais","Yaourts et fromages blancs",https://www.coursesu.com/c/produits-frais/yaourts-et-fromages-blancs
"Produits frais","Desserts et compotes",https://www.coursesu.com/c/produits-frais/desserts-et-compotes
"Produits frais","Le végétal",https://www.coursesu.com/c/produits-frais/le-vegetal
"Produits frais","Jus de fruits et légumes frais",https://www.coursesu.com/c/produits-frais/jus-de-fruits-et-legumes-frais
"Surgelés","Glaces et sorbets",https://www.coursesu.com/c/surgeles/glaces-et-sorbets
"Surgelés","Surgelés Bio",https://www.coursesu.com/c/surgeles/surgeles-bio
"Surgelés","Apéritifs, entrées et snacks",https://www.coursesu.com/c/surgeles/aperitifs-entrees-et-snacks
"Surgelés","Pizzas, quiches et tartes",https://www.coursesu.com/c/surgeles/pizzas-quiches-et-tartes
"Surgelés","Plats cuisinés",https://www.coursesu.com/c/surgeles/plats-cuisines
"Surgelés","Légumes surgelés",https://www.coursesu.com/c/surgeles/legumes-surgeles
"Surgelés","Pommes de terre et frites",https://www.coursesu.com/c/surgeles/pommes-de-terre-et-frites
"Surgelés","Viandes",https://www.coursesu.com/c/surgeles/viandes
"Surgelés","Poissons et fruits de mer",https://www.coursesu.com/c/surgeles/poissons-et-fruits-de-mer
"Surgelés","Desserts, viennoiseries et fruits",https://www.coursesu.com/c/surgeles/desserts-viennoiseries-et-fruits
"Epicerie salée","Conserves",https://www.coursesu.com/c/epicerie-salee/conserves
"Epicerie salée","Pâtes, riz, purées",https://www.coursesu.com/c/epicerie-salee/pates-riz-purees
"Epicerie salée","Apéritifs et chips",https://www.coursesu.com/c/epicerie-salee/aperitifs-et-chips
"Epicerie salée","Céréales, légumes secs",https://www.coursesu.com/c/epicerie-salee/cereales-legumes-secs
"Epicerie salée","Produits du monde",https://www.coursesu.com/c/epicerie-salee/produits-du-monde
"Epicerie salée","Assaisonnement",https://www.coursesu.com/c/epicerie-salee/assaisonnement
"Epicerie salée","Sauces, condiments",https://www.coursesu.com/c/epicerie-salee/sauces-condiments
"Epicerie salée","Terrines",https://www.coursesu.com/c/epicerie-salee/terrines
"Epicerie salée","Soupes",https://www.coursesu.com/c/epicerie-salee/soupes
"Epicerie sucrée","Cafés",https://www.coursesu.com/c/epicerie-sucree/cafes
"Epicerie sucrée","Thés et chocolats en poudre",https://www.coursesu.com/c/epicerie-sucree/thes-et-chocolats-en-poudre
"Epicerie sucrée","Petit déjeuner",https://www.coursesu.com/c/epicerie-sucree/petit-dejeuner
"Epicerie sucrée","Pâte à tartiner, confiture et miel",https://www.coursesu.com/c/epicerie-sucree/pate-a-tartiner-confiture-et-miel
"Epicerie sucrée","Biscuits",https://www.coursesu.com/c/epicerie-sucree/biscuits
"Epicerie sucrée","Gâteaux moelleux",https://www.coursesu.com/c/epicerie-sucree/gateaux-moelleux
"Epicerie sucrée","Tablettes et chocolat",https://www.coursesu.com/c/epicerie-sucree/tablettes-et-chocolat
"Epicerie sucrée","Bonbons",https://www.coursesu.com/c/epicerie-sucree/bonbons
"Epicerie sucrée","Sucre, farine, pâtisserie",https://www.coursesu.com/c/epicerie-sucree/sucre-farine-patisserie
"Epicerie sucrée","Compotes et desserts",https://www.coursesu.com/c/epicerie-sucree/compotes-et-desserts
"Pains, Viennoiseries et Pâtisseries","Le Bio",https://www.coursesu.com/c/pains-viennoiseries-et-patisseries/le-bio
"Pains, Viennoiseries et Pâtisseries","Pains du fournil",https://www.coursesu.com/c/pains-viennoiseries-et-patisseries/pains-du-fournil
"Pains, Viennoiseries et Pâtisseries","Pains de mie, pains pré-emballés",https://www.coursesu.com/c/pains-viennoiseries-et-patisseries/pains-de-mie-pains-pre-emballes
"Pains, Viennoiseries et Pâtisseries","Viennoiseries et brioches",https://www.coursesu.com/c/pains-viennoiseries-et-patisseries/viennoiseries-et-brioches
"Pains, Viennoiseries et Pâtisseries","Pâtisseries Fraîches",https://www.coursesu.com/c/pains-viennoiseries-et-patisseries/patisseries-fraiches
"Pains, Viennoiseries et Pâtisseries","Gâteaux moelleux et biscuiterie",https://www.coursesu.com/c/pains-viennoiseries-et-patisseries/gateaux-moelleux-et-biscuiterie
"Boissons sans alcool","Eaux",https://www.coursesu.com/c/boissons-sans-alcool/eaux
"Boissons sans alcool","Sodas et boissons aux fruits",https://www.coursesu.com/c/boissons-sans-alcool/sodas-et-boissons-aux-fruits
"Boissons sans alcool","Jus de fruits et de légumes",https://www.coursesu.com/c/boissons-sans-alcool/jus-de-fruits-et-de-legumes
"Boissons sans alcool","Sirops et concentrés",https://www.coursesu.com/c/boissons-sans-alcool/sirops-et-concentres
"Boissons sans alcool","Laits et boissons végétales",https://www.coursesu.com/c/boissons-sans-alcool/laits-et-boissons-vegetales
"Bières, vins, alcools","Bières, cidres",https://www.coursesu.com/c/bieres-vins-alcools/bieres-cidres
"Bières, vins, alcools","Vins rouges",https://www.coursesu.com/c/bieres-vins-alcools/vins-rouges
"Bières, vins, alcools","Vins blancs",https://www.coursesu.com/c/bieres-vins-alcools/vins-blancs
"Bières, vins, alcools","Vins rosés",https://www.coursesu.com/c/bieres-vins-alcools/vins-roses
"Bières, vins, alcools","Fontaines à vin",https://www.coursesu.com/c/bieres-vins-alcools/fontaines-a-vin
"Bières, vins, alcools","Vins de cuisine",https://www.coursesu.com/c/bieres-vins-alcools/vins-de-cuisine
"Bières, vins, alcools","Sans alcool",https://www.coursesu.com/c/bieres-vins-alcools/sans-alcool
"Bières, vins, alcools","Champagnes et effervescents",https://www.coursesu.com/c/bieres-vins-alcools/champagnes-et-effervescents
"Bières, vins, alcools","Apéritifs et Spiritueux",https://www.coursesu.com/c/bieres-vins-alcools/aperitifs-et-spiritueux
"Bio","Produits frais bio",https://www.coursesu.com/c/bio/produits-frais-bio
"Bio","Surgelés bio",https://www.coursesu.com/c/bio/surgeles-bio
"Bio","Le végétal bio",https://www.coursesu.com/c/bio/le-vegetal-bio
"Bio","Epicerie salée bio",https://www.coursesu.com/c/bio/epicerie-salee-bio
"Bio","Epicerie sucrée bio",https://www.coursesu.com/c/bio/epicerie-sucree-bio
"Bio","Boissons bio",https://www.coursesu.com/c/bio/boissons-bio
"Bio","Univers bébé bio",https://www.coursesu.com/c/bio/univers-bebe-bio
"Bio","Hygiène et beauté bio",https://www.coursesu.com/c/bio/hygiene-et-beaute-bio
"Nutrition et régimes alimentaires","Nutrition quotidienne",https://www.coursesu.com/c/nutrition-et-regimes-alimentaires/nutrition-quotidienne
"Nutrition et régimes alimentaires","Sans gluten",https://www.coursesu.com/c/nutrition-et-regimes-alimentaires/sans-gluten
"Nutrition et régimes alimentaires","Sans sucres, sans sucres ajoutés",https://www.coursesu.com/c/nutrition-et-regimes-alimentaires/sans-sucres-sans-sucres-ajoutes
"Nutrition et régimes alimentaires","Minceur et sport",https://www.coursesu.com/c/nutrition-et-regimes-alimentaires/minceur-et-sport
"Nutrition et régimes alimentaires","Compléments alimentaires",https://www.coursesu.com/c/nutrition-et-regimes-alimentaires/complements-alimentaires
"Univers bébé","Bébé bio",https://www.coursesu.com/c/univers-bebe/bebe-bio
"Univers bébé","Laits et petit déjeuner",https://www.coursesu.com/c/univers-bebe/laits-et-petit-dejeuner
"Univers bébé","Repas",https://www.coursesu.com/c/univers-bebe/repas
"Univers bébé","Desserts, goûters",https://www.coursesu.com/c/univers-bebe/desserts-gouters
"Univers bébé","Couches, culottes",https://www.coursesu.com/c/univers-bebe/couches-culottes
"Univers bébé","Toilette bébé",https://www.coursesu.com/c/univers-bebe/toilette-bebe
"Univers bébé","Petite puériculture",https://www.coursesu.com/c/univers-bebe/petite-puericulture
"Univers bébé","Grosse puériculture",https://www.coursesu.com/c/univers-bebe/grosse-puericulture
"Hygiène et beauté","Hygiène et soin du corps",https://www.coursesu.com/c/hygiene-et-beaute/hygiene-et-soin-du-corps
"Hygiène et beauté","Soin des cheveux",https://www.coursesu.com/c/hygiene-et-beaute/soin-des-cheveux
"Hygiène et beauté","Dentaire",https://www.coursesu.com/c/hygiene-et-beaute/dentaire
"Hygiène et beauté","Soin du visage",https://www.coursesu.com/c/hygiene-et-beaute/soin-du-visage
"Hygiène et beauté","Papiers, cotons",https://www.coursesu.com/c/hygiene-et-beaute/papiers-cotons
"Hygiène et beauté","Hygiène intime",https://www.coursesu.com/c/hygiene-et-beaute/hygiene-intime
"Hygiène et beauté","Hygiène, soin homme",https://www.coursesu.com/c/hygiene-et-beaute/hygiene-soin-homme
"Hygiène et beauté","Hygiène, soin enfant",https://www.coursesu.com/c/hygiene-et-beaute/hygiene-soin-enfant
"Hygiène et beauté","Maquillage",https://www.coursesu.com/c/hygiene-et-beaute/maquillage
"Hygiène et beauté","Parapharmacie",https://www.coursesu.com/c/hygiene-et-beaute/parapharmacie
"Hygiène et beauté","Hygiène et prévention Covid-19",https://www.coursesu.com/c/hygiene-et-beaute/hygiene-et-prevention-covid-19
"Animalerie","Chats",https://www.coursesu.com/c/animalerie/chats
"Animalerie","Chiens",https://www.coursesu.com/c/animalerie/chiens
"Animalerie","Rongeurs, Oiseaux, Poissons",https://www.coursesu.com/c/animalerie/rongeurs-oiseaux-poissons
"Entretien et nettoyage","Papier toilette, essuie-tout, mouchoirs",https://www.coursesu.com/c/entretien-et-nettoyage/papier-toilette-essuie-tout-mouchoirs
"Entretien et nettoyage","Lessives et soin du linge",https://www.coursesu.com/c/entretien-et-nettoyage/lessives-et-soin-du-linge
"Entretien et nettoyage","Nettoyants",https://www.coursesu.com/c/entretien-et-nettoyage/nettoyants
"Entretien et nettoyage","Vaisselle",https://www.coursesu.com/c/entretien-et-nettoyage/vaisselle
"Entretien et nettoyage","Sacs, emballages",https://www.coursesu.com/c/entretien-et-nettoyage/sacs-emballages
"Entretien et nettoyage","Essuyage",https://www.coursesu.com/c/entretien-et-nettoyage/essuyage
"Entretien et nettoyage","Désodorisant",https://www.coursesu.com/c/entretien-et-nettoyage/desodorisant
"Entretien et nettoyage","Cirage",https://www.coursesu.com/c/entretien-et-nettoyage/cirage
"Entretien et nettoyage","Insectes, allume-feux",https://www.coursesu.com/c/entretien-et-nettoyage/insectes-allume-feux