,supermarket,department,nom_drive,nom_driveUrl,city,adresse,latitude,longitude,lien_drive,lien_coord
0,Casino,01,Supermarché Casino Divonne-Les-Bains,Supermarche_Casino_Divonne-Les-Bains,01143 DIVONNE LES BAINS,250 252 AVENUE DE GENEVE 01143 DIVONNE LES BAINS,46.353703,6.1394783,http://www.casino.fr/ecommerce/GC-catalog/fr/WE01763/?moderetrait=Z2,https://maps.google.com/maps?dirflg=d&daddr=46.353703%2C6.1394783&hl=fr
1,Casino,03,Supermarché Casino Domerat,Supermarche_Casino_Domerat,03101 DOMERAT,RUE ANDRE MESSAGER 03101 DOMERAT,46.3613734,2.5341775,http://www.casino.fr/ecommerce/GC-catalog/fr/WE03034/?moderetrait=Z2,https://maps.google.com/maps?dirflg=d&daddr=46.3613734%2C2.5341775&hl=fr
2,Casino,03,Supermarché Casino Vichy,Supermarche_Casino_Vichy,03310 VICHY,27 RUE DE L HOTEL DES POSTES 03310 VICHY,46.125346,3.4222104,http://www.casino.fr/ecommerce/GC-catalog/fr/WEDXGTJ/?moderetrait=Z2,https://maps.google.com/maps?dirflg=d&daddr=46.125346%2C3.4222104&hl=fr
3,Casino,04,Supermarché Casino Chateau-Arnoux,Supermarche_Casino_Chateau-Arnoux,04049 CHATEAU ARNOUX ST AUBAN,AVENUE DU JAS 04049 CHATEAU ARNOUX ST AUBAN,44.0813111,6.0023257,http://www.casino.fr/ecommerce/GC-catalog/fr/WE04603/?moderetrait=Z4,https://maps.google.com/maps?dirflg=d&daddr=44.0813111%2C6.0023257&hl=fr
8,Casino,06,Supermarché Casino Juan-Les-Pins,Supermarche_Casino_Juan-Les-Pins,06924 ANTIBES,138 BD DU PRESIDENT WILSON 06924 ANTIBES,43.56921459,7.11254255,http://www.casino.fr/ecommerce/GC-catalog/fr/WE06128/?moderetrait=Z2,https://maps.google.com/maps?dirflg=d&daddr=43.56921459%2C7.11254255&hl=fr
9,Casino,06,Supermarché Casino Cros-de-Cagnes,Supermarche_Casino_Cros-de-Cagnes,06922 CAGNES SUR MER,25 AVENUE DU GENERAL LECLERC 06922 CAGNES SUR MER,43.65888639,7.16274888,http://www.casino.fr/ecommerce/GC-catalog/fr/WE06668/?moderetrait=Z4,https://maps.google.com/maps?dirflg=d&daddr=43.65888639%2C7.16274888&hl=fr
12,Casino,06,Supermarché Casino Grasse,Supermarche_Casino_Grasse,06069 GRASSE,CHEMIN DES CHENES 06069 GRASSE,43.64156028,6.91366799,http://www.casino.fr/ecommerce/GC-catalog/fr/WE06897/?moderetrait=Z2,https://maps.google.com/maps?dirflg=d&daddr=43.64156028%2C6.91366799&hl=fr
13,Casino,06,Supermarché Casino Nice Falicon,Supermarche_Casino_Nice_Falicon,06088 NICE,10 PLACE FONTAINE DU TEMPLE 06088 NICE,43.72573532,7.25655096,http://www.casino.fr/ecommerce/GC-catalog/fr/WE06950/?moderetrait=Z2,https://maps.google.com/maps?dirflg=d&daddr=43.72573532%2C7.25655096&hl=fr
14,Casino,06,Supermarché Casino NICE Ferber,Supermarche_Casino_NICE_Ferber,06088 NICE,2 BOULEVARD RENE CASSIN 06088 NICE,43.675163,7.22618,http://www.casino.fr/ecommerce/GC-catalog/fr/WE06998/?moderetrait=Z4,https://maps.google.com/maps?dirflg=d&daddr=43.675163%2C7.22618&hl=fr
15,Casino,06,Supermarché Casino Nice Magnan,Supermarche_Casino_Nice_Magnan,06088 NICE,2 AVENUE GLORIA 06088 NICE,43.6918652,7.24440381,http://www.casino.fr/ecommerce/GC-catalog/fr/WE06924/?moderetrait=Z2,https://maps.google.com/maps?dirflg=d&daddr=43.6918652%2C7.24440381&hl=fr
16,Casino,06,Supermarché Casino NICE MONTEL,Supermarche_Casino_NICE_MONTEL,06088 NICE,60 BOULEVARD PAUL MONTEL 06088 NICE,43.672446,7.2075937,http://www.casino.fr/ecommerce/GC-catalog/fr/WE06108/?moderetrait=Z2,https://maps.google.com/maps?dirflg=d&daddr=43.672446%2C7.2075937&hl=fr
18,Casino,06,Supermarché Casino Roquebrune Cap Martin,Supermarche_Casino_Roquebrune_Cap_Martin,06104 ROQUEBRUNE CAP MARTIN,6 AVENUE DE FRANCE 06104 ROQUEBRUNE CAP MARTIN,43.7519365,7.4370876,http://www.casino.fr/ecommerce/GC-catalog/fr/WEDXGSK/?moderetrait=Z2,https://maps.google.com/maps?dirflg=d&daddr=43.7519365%2C7.4370876&hl=fr
21,Casino,06,Supermarché Casino Vence,Supermarche_Casino_Vence,06157 VENCE,44 AVENUE MARECHAL FOCH 06157 VENCE,43.72393961,7.10549239,http://www.casino.fr/ecommerce/GC-catalog/fr/WE06153/?moderetrait=Z2,https://maps.google.com/maps?dirflg=d&daddr=43.72393961%2C7.10549239&hl=fr
23,Casino,09,Supermarché Casino Foix,Supermarche_Casino_Foix,09000 FOIX,PLACE DU 59EME RI 09000 FOIX,42.96199893,1.60792628,http://www.casino.fr/ecommerce/GC-catalog/fr/WE09765/?moderetrait=Z2,https://maps.google.com/maps?dirflg=d&daddr=42.96199893%2C1.60792628&hl=fr
27,Casino,12,Supermarché Casino DECAZEVILLE,Supermarche_Casino_DECAZEVILLE,12089 DECAZEVILLE,AVENUE PAUL RAMADIER 12089 DECAZEVILLE,44.554939,2.262916,http://www.casino.fr/ecommerce/GC-catalog/fr/WE12851/?moderetrait=Z4,https://maps.google.com/maps?dirflg=d&daddr=44.554939%2C2.262916&hl=fr
28,Casino,12,Supermarché Casino Millau Capelle,Supermarche_Casino_Millau_Capelle,12145 MILLAU,PLACE DE LA CAPELLE 12145 MILLAU,44.1002563,3.0810838,http://www.casino.fr/ecommerce/GC-catalog/fr/WE12001/?moderetrait=Z2,https://maps.google.com/maps?dirflg=d&daddr=44.1002563%2C3.0810838&hl=fr
29,Casino,13,Supermarché Casino AIX-EN-PROVENCE Avenue d'Avignon,Supermarche_Casino_AIX-EN-PROVENCE_Avenue_d_Avignon,13001 AIX EN PROVENCE,1 AV MAL LATTRE TASSIGNY 13001 AIX EN PROVENCE,43.530071,5.438885,http://www.casino.fr/ecommerce/GC-catalog/fr/WE13959/?moderetrait=Z4,https://maps.google.com/maps?dirflg=d&daddr=43.530071%2C5.438885&hl=fr
30,Casino,13,Supermarché Casino AIX-EN-PROVENCE Est,Supermarche_Casino_AIX-EN-PROVENCE_Est,13001 AIX EN PROVENCE,AVENUE DES INFIRMERIES 13001 AIX EN PROVENCE,43.5255208,5.4350618,http://www.casino.fr/ecommerce/GC-catalog/fr/WE13625/?moderetrait=Z4,https://maps.google.com/maps?dirflg=d&daddr=43.5255208%2C5.4350618&hl=fr
31,Casino,13,Supermarché Casino AUBAGNE Pin Vert,Supermarche_Casino_AUBAGNE_Pin_Vert,13005 AUBAGNE,AVENUE ROGER SALENGRO 13005 AUBAGNE,43.3014765,5.5704024,http://www.casino.fr/ecommerce/GC-catalog/fr/WE13627/?moderetrait=Z4,https://maps.google.com/maps?dirflg=d&daddr=43.3014765%2C5.5704024&hl=fr
32,Casino,13,Supermarché Casino Auriol,Supermarche_Casino_Auriol,13007 AURIOL,QUARTIER LA GLACIERE 13007 AURIOL,43.36900541,5.62243937,http://www.casino.fr/ecommerce/GC-catalog/fr/WE13632/?moderetrait=Z4,https://maps.google.com/maps?dirflg=d&daddr=43.36900541%2C5.62243937&hl=fr
33,Casino,13,Supermarché Casino Eguilles,Supermarche_Casino_Eguilles,13032 EGUILLES,820 ROUTE DE BERRE 13032 EGUILLES,43.5438228,5.360644,http://www.casino.fr/ecommerce/GC-catalog/fr/WE01351/?moderetrait=Z2,https://maps.google.com/maps?dirflg=d&daddr=43.5438228%2C5.360644&hl=fr
34,Casino,13,Supermarché Casino La Destrousse,Supermarche_Casino_La_Destrousse,13112 LA DESTROUSSE,RN 96 SOUQUE NEGRE 13112 LA DESTROUSSE,43.37884062,5.59861354,http://www.casino.fr/ecommerce/GC-catalog/fr/WE13621/?moderetrait=Z2,https://maps.google.com/maps?dirflg=d&daddr=43.37884062%2C5.59861354&hl=fr
35,Casino,13,Supermarché Casino Lambesc,Supermarche_Casino_Lambesc,13050 LAMBESC,2 AVENUE JEAN MONNET 13050 LAMBESC,43.66347984,5.24953636,http://www.casino.fr/ecommerce/GC-catalog/fr/WE13255/?moderetrait=Z4,https://maps.google.com/maps?dirflg=d&daddr=43.66347984%2C5.24953636&hl=fr
36,Casino,13,Casino Drive AIX-EN-PROVENCE Palette,Casino_Drive_AIX-EN-PROVENCE_Palette,13109 LE THOLONET,203 AVENUE PAUL JULIEN 13109 LE THOLONET,43.50912,5.491451,http://www.casino.fr/casinoexpress_web/GC-catalog/fr/WE13143/?moderetrait=Z5,https://maps.google.com/maps?dirflg=d&daddr=43.50912%2C5.491451&hl=fr
37,Casino,13,Supermarché Casino MARSEILLE Baille,Supermarche_Casino_MARSEILLE_Baille,13205 MARSEILLE,22 BOULEVARD JEAN MOULIN 13205 MARSEILLE,43.29076,5.399276,http://www.casino.fr/ecommerce/GC-catalog/fr/WE13985/?moderetrait=Z4,https://maps.google.com/maps?dirflg=d&daddr=43.29076%2C5.399276&hl=fr
39,Casino,13,Supermarché Casino Marseille Catalans,Supermarche_Casino_Marseille_Catalans,13207 MARSEILLE,16 RUE CESAR ALEMAN 13207 MARSEILLE,43.2903155,5.35817823,http://www.casino.fr/ecommerce/GC-catalog/fr/WE13636/?moderetrait=Z2,https://maps.google.com/maps?dirflg=d&daddr=43.2903155%2C5.35817823&hl=fr
40,Casino,13,Supermarché Casino Marseille Foch,Supermarche_Casino_Marseille_Foch,13204 MARSEILLE,4 AVENUE MARECHAL FOCH 13204 MARSEILLE,43.30207379,5.39648605,http://www.casino.fr/ecommerce/GC-catalog/fr/WE13649/?moderetrait=Z2,https://maps.google.com/maps?dirflg=d&daddr=43.30207379%2C5.39648605&hl=fr
41,Casino,13,Supermarché Casino Marseille Parc Sevigne,Supermarche_Casino_Marseille_Parc_Sevigne,13209 MARSEILLE,19 RUE MIGNARD 13209 MARSEILLE,43.26244685,5.40271677,http://www.casino.fr/ecommerce/GC-catalog/fr/WE13997/?moderetrait=Z2,https://maps.google.com/maps?dirflg=d&daddr=43.26244685%2C5.40271677&hl=fr
42,Casino,13,Supermarché Casino Marseille Prado Plage,Supermarche_Casino_Marseille_Prado_Plage,13208 MARSEILLE,595 AVENUE DU PRADO 13208 MARSEILLE,43.2621042,5.3732646,http://www.casino.fr/ecommerce/GC-catalog/fr/WE13983/?moderetrait=Z2,https://maps.google.com/maps?dirflg=d&daddr=43.2621042%2C5.3732646&hl=fr
43,Casino,13,Supermarché Casino Marseille Saint Gabriel,Supermarche_Casino_Marseille_Saint_Gabriel,13214 MARSEILLE,100 BOULEVARD CHARLES MORETTI 13214 MARSEILLE,43.32361693,5.38836027,http://www.casino.fr/ecommerce/GC-catalog/fr/WE13823/?moderetrait=Z4,https://maps.google.com/maps?dirflg=d&daddr=43.32361693%2C5.38836027&hl=fr
44,Casino,13,Supermarché Casino Marseille Saint Giniez,Supermarche_Casino_Marseille_Saint_Giniez,13208 MARSEILLE,39 AVENUE DE MAZARGUES 13208 MARSEILLE,43.26792203,5.38916563,http://www.casino.fr/ecommerce/GC-catalog/fr/WE13653/?moderetrait=Z2,https://maps.google.com/maps?dirflg=d&daddr=43.26792203%2C5.38916563&hl=fr
45,Casino,13,Supermarché Casino Marseille Valdonne,Supermarche_Casino_Marseille_Valdonne,13213 MARSEILLE,55 AVENUE DE LA ROSE 13213 MARSEILLE,43.3255774,5.41939,http://www.casino.fr/ecommerce/GC-catalog/fr/WE13745/?moderetrait=Z2,https://maps.google.com/maps?dirflg=d&daddr=43.3255774%2C5.41939&hl=fr
46,Casino,13,Supermarché Casino Port Saint Louis,Supermarche_Casino_Port_Saint_Louis,13078 PORT ST LOUIS DU RHONE,2 ESPLANADE DE LA PAIX 13078 PORT ST LOUIS DU RHONE,43.39178742,4.80391299,http://www.casino.fr/ecommerce/GC-catalog/fr/WE13651/?moderetrait=Z2,https://maps.google.com/maps?dirflg=d&daddr=43.39178742%2C4.80391299&hl=fr
48,Casino,13,Supermarché Casino Trets,Supermarche_Casino_Trets,13110 TRETS,CHEMIN DU LOUP 13110 TRETS,43.45257871,5.67406806,http://www.casino.fr/ecommerce/GC-catalog/fr/WE13640/?moderetrait=Z4,https://maps.google.com/maps?dirflg=d&daddr=43.45257871%2C5.67406806&hl=fr
49,Casino,14,Supermarché Casino SAINT-PIERRE-SUR-DIVES,Supermarche_Casino_SAINT-PIERRE-SUR-DIVES,14654 ST PIERRE EN AUGE,RUE DE LISIEUX 14654 ST PIERRE EN AUGE,49.024137,-0.026311,http://www.casino.fr/ecommerce/GC-catalog/fr/WE14008/?moderetrait=Z4,https://maps.google.com/maps?dirflg=d&daddr=49.024137%2C-0.026311&hl=fr
51,Casino,16,Supermarché Casino La Rochefoucauld,Supermarche_Casino_La_Rochefoucauld,16281 ROCHEFOUCAULD EN ANGOUMOIS,ROUTE DE MANSLE RIVIERE 16281 ROCHEFOUCAULD EN ANGOUMOIS,45.7405,0.3856,http://www.casino.fr/ecommerce/GC-catalog/fr/WEDXGSU/?moderetrait=Z2,https://maps.google.com/maps?dirflg=d&daddr=45.7405%2C0.3856&hl=fr
55,Casino,19,Supermarché Casino Meymac,Supermarche_Casino_Meymac,19250 MEYMAC,ROUTE DE TULLE 19250 MEYMAC,45.52638065,2.13661735,http://www.casino.fr/ecommerce/GC-catalog/fr/WE19265/?moderetrait=Z4,https://maps.google.com/maps?dirflg=d&daddr=45.52638065%2C2.13661735&hl=fr
56,Casino,21,Géant Casino DIJON Chenove,Geant_Casino_DIJON_Chenove,21166 CHENOVE,58 RUE DE LONGVIC 21166 CHENOVE,47.28288503,5.02198248,http://www.casino.fr/ecommerce/GC-catalog/fr/WE21834/?moderetrait=Z4,https://maps.google.com/maps?dirflg=d&daddr=47.28288503%2C5.02198248&hl=fr
57,Casino,21,Supermarché Casino Dijon Rue D' Auxonne,Supermarche_Casino_Dijon_Rue_D__Auxonne,21231 DIJON,30 32 RUE D AUXONNE 21231 DIJON,47.31493287,5.04659992,http://www.casino.fr/ecommerce/GC-catalog/fr/WE21561/?moderetrait=Z2,https://maps.google.com/maps?dirflg=d&daddr=47.31493287%2C5.04659992&hl=fr
58,Casino,21,Supermarché Casino Quetigny,Supermarche_Casino_Quetigny,21800 QUETIGNY,10 PLACE CENTRALE ROGER REMOND 21800 QUETIGNY,47.31667,5.11667,http://www.casino.fr/ecommerce/GC-catalog/fr/WE21033/?moderetrait=Z2,https://maps.google.com/maps?dirflg=d&daddr=47.31667%2C5.11667&hl=fr
59,Casino,21,Supermarché Casino Saint-Jean-De-Losne,Supermarche_Casino_Saint-Jean-De-Losne,21554 ST JEAN DE LOSNE,ALL BASTIONS CHARMILLES 21554 ST JEAN DE LOSNE,47.10356765,5.26291768,http://www.casino.fr/ecommerce/GC-catalog/fr/WE21557/?moderetrait=Z4,https://maps.google.com/maps?dirflg=d&daddr=47.10356765%2C5.26291768&hl=fr
60,Casino,22,Supermarché Casino LANNION,Supermarche_Casino_LANNION,22113 LANNION,ROUTE DE PERROS GUIREC 22113 LANNION,48.7487604,-3.4593392,http://www.casino.fr/ecommerce/GC-catalog/fr/WE22300/?moderetrait=Z4,https://maps.google.com/maps?dirflg=d&daddr=48.7487604%2C-3.4593392&hl=fr
61,Casino,22,Supermarché Casino SAINT-BRIEUC,Supermarche_Casino_SAINT-BRIEUC,22278 ST BRIEUC,3 ROND POINT PABLO NERUDA 22278 ST BRIEUC,48.52015153,-2.7907963,http://www.casino.fr/ecommerce/GC-catalog/fr/WE22304/?moderetrait=Z4,https://maps.google.com/maps?dirflg=d&daddr=48.52015153%2C-2.7907963&hl=fr
64,Casino,25,Supermarché Casino Valentigney,Supermarche_Casino_Valentigney,25580 VALENTIGNEY,20 GRANDE RUE 25580 VALENTIGNEY,47.462922,6.835999,http://www.casino.fr/ecommerce/GC-catalog/fr/WE25394/?moderetrait=Z2,https://maps.google.com/maps?dirflg=d&daddr=47.462922%2C6.835999&hl=fr
65,Casino,26,Supermarché Casino Portes-Les-Valence,Supermarche_Casino_Portes-Les-Valence,26252 PORTES LES VALENCE,PLACE DU 8 MAI 1945 26252 PORTES LES VALENCE,44.87567,4.878316,http://www.casino.fr/ecommerce/GC-catalog/fr/WE26231/?moderetrait=Z2,https://maps.google.com/maps?dirflg=d&daddr=44.87567%2C4.878316&hl=fr
66,Casino,26,Supermarché Casino Valence Nord,Supermarche_Casino_Valence_Nord,26362 VALENCE,ROUTE DE ROMANS 26362 VALENCE,44.935174,4.909078,http://www.casino.fr/ecommerce/GC-catalog/fr/WE26315/?moderetrait=Z4,https://maps.google.com/maps?dirflg=d&daddr=44.935174%2C4.909078&hl=fr
68,Casino,29,Supermarché Casino Carantec,Supermarche_Casino_Carantec,29023 CARANTEC,2 RUE DU PARC COZ 29023 CARANTEC,48.6596635,-3.918996,http://www.casino.fr/ecommerce/GC-catalog/fr/WEDXGTI/?moderetrait=Z2,https://maps.google.com/maps?dirflg=d&daddr=48.6596635%2C-3.918996&hl=fr
69,Casino,29,Supermarché Casino Carhaix Plouguer,Supermarche_Casino_Carhaix_Plouguer,29024 CARHAIX PLOUGUER,PLACE DU CHAMP DE FOIRE 29024 CARHAIX PLOUGUER,48.27717817,-3.57047704,http://www.casino.fr/ecommerce/GC-catalog/fr/WEDXGTA/?moderetrait=Z2,https://maps.google.com/maps?dirflg=d&daddr=48.27717817%2C-3.57047704&hl=fr
70,Casino,29,Supermarché Casino Kerlouan,Supermarche_Casino_Kerlouan,29091 KERLOUAN,LIEU DIT KERENES 29091 KERLOUAN,48.64958728,-4.39239214,http://www.casino.fr/ecommerce/GC-catalog/fr/WEDXGTC/?moderetrait=Z2,https://maps.google.com/maps?dirflg=d&daddr=48.64958728%2C-4.39239214&hl=fr
71,Casino,29,Supermarché Casino LESNEVEN,Supermarche_Casino_LESNEVEN,29124 LESNEVEN,BD DES FRERES LUMIERE 29124 LESNEVEN,48.5746649,-4.3170212,http://www.casino.fr/ecommerce/GC-catalog/fr/WE29184/?moderetrait=Z4,https://maps.google.com/maps?dirflg=d&daddr=48.5746649%2C-4.3170212&hl=fr
72,Casino,29,Supermarché Casino PLONEOUR Lanvern,Supermarche_Casino_PLONEOUR_Lanvern,29174 PLONEOUR LANVERN,RUE HENRI LAUTREDOU 29174 PLONEOUR LANVERN,47.9003476,-4.2850956,http://www.casino.fr/ecommerce/GC-catalog/fr/WE29198/?moderetrait=Z4,https://maps.google.com/maps?dirflg=d&daddr=47.9003476%2C-4.2850956&hl=fr
73,Casino,29,Supermarché Casino Ploudalmezeau,Supermarche_Casino_Ploudalmezeau,29178 PLOUDALMEZEAU,RUE DE BREST 29178 PLOUDALMEZEAU,48.53468922,-4.65889017,http://www.casino.fr/ecommerce/GC-catalog/fr/WEDXGTD/?moderetrait=Z2,https://maps.google.com/maps?dirflg=d&daddr=48.53468922%2C-4.65889017&hl=fr
74,Casino,29,Supermarché Casino Plougasnou,Supermarche_Casino_Plougasnou,29188 PLOUGASNOU,ROUTE DU CIRCUIT DU TREGOR 29188 PLOUGASNOU,48.67860417,-3.81407921,http://www.casino.fr/ecommerce/GC-catalog/fr/WEDXGSY/?moderetrait=Z2,https://maps.google.com/maps?dirflg=d&daddr=48.67860417%2C-3.81407921&hl=fr
75,Casino,29,Supermarché Casino Plouigneau,Supermarche_Casino_Plouigneau,29199 PLOUIGNEAU,AVENUE DU MARECHAL LECLERC 29199 PLOUIGNEAU,48.570242,-3.711537,http://www.casino.fr/ecommerce/GC-catalog/fr/WEDXGTE/?moderetrait=Z2,https://maps.google.com/maps?dirflg=d&daddr=48.570242%2C-3.711537&hl=fr
76,Casino,29,Supermarché Casino Roscoff,Supermarche_Casino_Roscoff,29239 ROSCOFF,RUE DU PONTIGOU 29239 ROSCOFF,48.71160353,-3.98659946,http://www.casino.fr/ecommerce/GC-catalog/fr/WEDXGTB/?moderetrait=Z2,https://maps.google.com/maps?dirflg=d&daddr=48.71160353%2C-3.98659946&hl=fr
77,Casino,29,Supermarché Casino TREGUNC,Supermarche_Casino_TREGUNC,29293 TREGUNC,RUE DE CONCARNEAU 29293 TREGUNC,47.856492,-3.857152,http://www.casino.fr/ecommerce/GC-catalog/fr/WE29259/?moderetrait=Z4,https://maps.google.com/maps?dirflg=d&daddr=47.856492%2C-3.857152&hl=fr
78,Casino,2A,Supermarché Casino Ajaccio Impérial,Supermarche_Casino_Ajaccio_Imperial,2A004 AJACCIO,19 COURS DU PRINCE IMPERIAL 2A004 AJACCIO,41.9343742,8.744762,http://www.casino.fr/ecommerce/GC-catalog/fr/WE20355/?moderetrait=Z4,https://maps.google.com/maps?dirflg=d&daddr=41.9343742%2C8.744762&hl=fr
79,Casino,2A,Casino #drive24/24 Casino #drive 24/24 Ajaccio,Casino__drive24_24_Casino__drive_24_24_Ajaccio,2A904 AJACCIO,CENTRE COMMERCIAL LA ROCADE 2A904 AJACCIO,41.94959,8.77704,http://www.casino.fr/ecommerce/GC-catalog/fr/WEDXHAA/?moderetrait=ZC&depotIdPrl=D20005&depotIdRef=DDXHAA,https://maps.google.com/maps?dirflg=d&daddr=41.94959%2C8.77704&hl=fr
80,Casino,20,Géant Casino AJACCIO Mezzavia,Geant_Casino_AJACCIO_Mezzavia,20167 MEZZAVIA,CC LA ROCADE 20167 MEZZAVIA,41.94995241,8.77575032,http://www.casino.fr/ecommerce/GC-catalog/fr/WEDXHAA/?moderetrait=Z4,https://maps.google.com/maps?dirflg=d&daddr=41.94995241%2C8.77575032&hl=fr
81,Casino,2A,Géant Casino E-Bazar PORTO VECCHIO,Geant_Casino_E-Bazar_PORTO_VECCHIO,2A247 PORTO VECCHIO,ZONE INDUSTRIELLE PORETTA 2A247 PORTO VECCHIO,41.6055311,9.27816835,http://www.casino.fr/ecommerce/GC-catalog/fr/WEDXHAF/?moderetrait=Z4,https://maps.google.com/maps?dirflg=d&daddr=41.6055311%2C9.27816835&hl=fr
82,Casino,2A,Supermarché Casino Porto Vecchio,Supermarche_Casino_Porto_Vecchio,2A247 PORTO VECCHIO,RUE DU 9 SEPTEMBRE 1943 2A247 PORTO VECCHIO,41.58488247,9.27972744,http://www.casino.fr/ecommerce/GC-catalog/fr/WEDXHBU/?moderetrait=Z4,https://maps.google.com/maps?dirflg=d&daddr=41.58488247%2C9.27972744&hl=fr
83,Casino,2A,Casino Drive PORTO-VECCHIO,Casino_Drive_PORTO-VECCHIO,2A247 PORTO VECCHIO,AVENUE DE BASTIA 2A247 PORTO VECCHIO,41.60286,9.276798,http://www.casino.fr/casinoexpress_web/GC-catalog/fr/WE20218/?moderetrait=Z5,https://maps.google.com/maps?dirflg=d&daddr=41.60286%2C9.276798&hl=fr
84,Casino,2A,Supermarché Casino PROPRIANO,Supermarche_Casino_PROPRIANO,2A249 PROPRIANO,VIGNA MAJO 2A249 PROPRIANO,41.6718385,8.91368739,http://www.casino.fr/ecommerce/GC-catalog/fr/WEDXHBV/?moderetrait=Z4,https://maps.google.com/maps?dirflg=d&daddr=41.6718385%2C8.91368739&hl=fr
85,Casino,2A,Supermarché Casino Sartène,Supermarche_Casino_Sartene,2A272 SARTENE,BASSACCIU 2A272 SARTENE,41.6173457,8.9736813,http://www.casino.fr/ecommerce/GC-catalog/fr/WE20541/?moderetrait=Z4,https://maps.google.com/maps?dirflg=d&daddr=41.6173457%2C8.9736813&hl=fr
86,Casino,2B,Géant Casino BASTIA Toga,Geant_Casino_BASTIA_Toga,2B033 BASTIA,RUE CLAUDE PAPI 2B033 BASTIA,42.708156,9.453248,http://www.casino.fr/ecommerce/GC-catalog/fr/WEDXHAE/?moderetrait=Z4,https://maps.google.com/maps?dirflg=d&daddr=42.708156%2C9.453248&hl=fr
87,Casino,2B,Casino #drive24/24 Casino #drive24 Bastia Toga,Casino__drive24_24_Casino__drive24_Bastia_Toga,2B120 BASTIA,CENTRE COMMERCIAL DE TOGA 2B120 BASTIA,42.70854,9.45287,http://www.casino.fr/ecommerce/GC-catalog/fr/WEDXHAE/?moderetrait=ZC&depotIdPrl=D20202&depotIdRef=DDXHAE,https://maps.google.com/maps?dirflg=d&daddr=42.70854%2C9.45287&hl=fr
88,Casino,2B,Supermarché Casino CALVI,Supermarche_Casino_CALVI,2B050 CALVI,AVENUE CHRISTOPHE COLOMB 2B050 CALVI,42.555036,8.761484,http://www.casino.fr/ecommerce/GC-catalog/fr/WEDXHBX/?moderetrait=Z4,https://maps.google.com/maps?dirflg=d&daddr=42.555036%2C8.761484&hl=fr
89,Casino,2B,Supermarché Casino CORTE,Supermarche_Casino_CORTE,2B096 CORTE,QUARTIER PORETTE 2B096 CORTE,42.301262,9.154143,http://www.casino.fr/ecommerce/GC-catalog/fr/WEDXHBQ/?moderetrait=Z4,https://maps.google.com/maps?dirflg=d&daddr=42.301262%2C9.154143&hl=fr
90,Casino,2B,Géant Casino E-Bazar BASTIA Furiani,Geant_Casino_E-Bazar_BASTIA_Furiani,2B120 FURIANI,RN 193 2B120 FURIANI,42.65207772,9.43305987,http://www.casino.fr/ecommerce/GC-catalog/fr/WEDXHAD/?moderetrait=Z4,https://maps.google.com/maps?dirflg=d&daddr=42.65207772%2C9.43305987&hl=fr
91,Casino,2B,Casino Drive Furiani,Casino_Drive_Furiani,2B120 FURIANI,RN 193 2B120 FURIANI,42.65638695,9.44124115,http://www.casino.fr/casinoexpress_web/GC-catalog/fr/WE20201/?moderetrait=Z5,https://maps.google.com/maps?dirflg=d&daddr=42.65638695%2C9.44124115&hl=fr
92,Casino,2B,Supermarché Casino Ile Rousse,Supermarche_Casino_Ile_Rousse,2B134 L ILE ROUSSE,ALLEES CHARLES DE GAULLE 2B134 L ILE ROUSSE,42.634716,8.937593,http://www.casino.fr/ecommerce/GC-catalog/fr/WEDXHBT/?moderetrait=Z4,https://maps.google.com/maps?dirflg=d&daddr=42.634716%2C8.937593&hl=fr
93,Casino,2B,Supermarché Casino Prunelli,Supermarche_Casino_Prunelli,2B251 PRUNELLI DI FIUMORBO,RN 198 2B251 PRUNELLI DI FIUMORBO,42.0099402,9.3244042,http://www.casino.fr/ecommerce/GC-catalog/fr/WEDXHBS/?moderetrait=Z4,https://maps.google.com/maps?dirflg=d&daddr=42.0099402%2C9.3244042&hl=fr
94,Casino,2B,Supermarché Casino Moriani,Supermarche_Casino_Moriani,2B313 SAN NICOLAO,MORIANI PLAGE 2B313 SAN NICOLAO,42.369037,9.49318628,http://www.casino.fr/ecommerce/GC-catalog/fr/WEDXHBW/?moderetrait=Z4,https://maps.google.com/maps?dirflg=d&daddr=42.369037%2C9.49318628&hl=fr
96,Casino,31,Supermarché Casino Auzeville-Tolosane,Supermarche_Casino_Auzeville-Tolosane,31035 AUZEVILLE TOLOSANE,46 ROUTE DE NARBONNE 31035 AUZEVILLE TOLOSANE,43.5254938,1.4927249,http://www.casino.fr/ecommerce/GC-catalog/fr/WE31516/?moderetrait=Z4,https://maps.google.com/maps?dirflg=d&daddr=43.5254938%2C1.4927249&hl=fr
97,Casino,31,Supermarché Casino Bagnères De Luchon,Supermarche_Casino_Bagneres_De_Luchon,31042 BAGNERES DE LUCHON,43 AVENUE DU MARECHAL FOCH 31042 BAGNERES DE LUCHON,42.79264856,0.59202719,http://www.casino.fr/ecommerce/GC-catalog/fr/WE31093/?moderetrait=Z4,https://maps.google.com/maps?dirflg=d&daddr=42.79264856%2C0.59202719&hl=fr
99,Casino,31,Supermarché Casino REVEL,Supermarche_Casino_REVEL,31250 REVEL,CHEMIN DES BORDES 31250 REVEL,43.463843,2.005914,http://www.casino.fr/ecommerce/GC-catalog/fr/WE31597/?moderetrait=Z4,https://maps.google.com/maps?dirflg=d&daddr=43.463843%2C2.005914&hl=fr
100,Casino,31,Supermarché Casino TOULOUSE Basso Cambo,Supermarche_Casino_TOULOUSE_Basso_Cambo,31555 TOULOUSE,PLACE EDOUARD BOUILLIERE 31555 TOULOUSE,43.56886144,1.39600318,http://www.casino.fr/ecommerce/GC-catalog/fr/WE31850/?moderetrait=Z4,https://maps.google.com/maps?dirflg=d&daddr=43.56886144%2C1.39600318&hl=fr
101,Casino,31,Supermarché Casino Toulouse Bonnefoy,Supermarche_Casino_Toulouse_Bonnefoy,31555 TOULOUSE,25 RUE DU FAUBOURG BONNEFOY 31555 TOULOUSE,43.61753213,1.45475043,http://www.casino.fr/ecommerce/GC-catalog/fr/WE31902/?moderetrait=Z2,https://maps.google.com/maps?dirflg=d&daddr=43.61753213%2C1.45475043&hl=fr
102,Casino,31,Supermarché Casino Toulouse Honoré Serres,Supermarche_Casino_Toulouse_Honore_Serres,31555 TOULOUSE,37 BIS AVENUE HONORE SERRES 31555 TOULOUSE,43.61314358,1.43811719,http://www.casino.fr/ecommerce/GC-catalog/fr/WE31582/?moderetrait=Z2,https://maps.google.com/maps?dirflg=d&daddr=43.61314358%2C1.43811719&hl=fr
103,Casino,31,Supermarché Casino Toulouse La Cépière,Supermarche_Casino_Toulouse_La_Cepiere,31555 TOULOUSE,389 ROUTE DE SAINT SIMON 31555 TOULOUSE,43.58959133,1.41434924,http://www.casino.fr/ecommerce/GC-catalog/fr/WE31919/?moderetrait=Z4,https://maps.google.com/maps?dirflg=d&daddr=43.58959133%2C1.41434924&hl=fr
104,Casino,31,Supermarché Casino TOULOUSE Minimes,Supermarche_Casino_TOULOUSE_Minimes,31555 TOULOUSE,178 AVENUE DES MINIMES 31555 TOULOUSE,43.6266887,1.43410383,http://www.casino.fr/ecommerce/GC-catalog/fr/WE31906/?moderetrait=Z4,https://maps.google.com/maps?dirflg=d&daddr=43.6266887%2C1.43410383&hl=fr
105,Casino,31,Casino #drive24/24 TOULOUSE Muret,Casino__drive24_24_TOULOUSE_Muret,31555 TOULOUSE,122 AVENUE DE MURET 31555 TOULOUSE,43.584194,1.427711,http://www.casino.fr/ecommerce/GC-catalog/fr/WE31907/?moderetrait=ZC&depotIdPrl=D31323&depotIdRef=A31907,https://maps.google.com/maps?dirflg=d&daddr=43.584194%2C1.427711&hl=fr
106,Casino,31,Supermarché Casino TOULOUSE Pont Des Demoiselles,Supermarche_Casino_TOULOUSE_Pont_Des_Demoiselles,31555 TOULOUSE,1 AV ANTOINE DE SAINT EXUPERY 31555 TOULOUSE,43.587693,1.461138,http://www.casino.fr/ecommerce/GC-catalog/fr/WE31907/?moderetrait=Z4,https://maps.google.com/maps?dirflg=d&daddr=43.587693%2C1.461138&hl=fr
107,Casino,31,Supermarché Casino Toulouse Saint-Georges,Supermarche_Casino_Toulouse_Saint-Georges,31555 TOULOUSE,51 BOULEVARD LAZARE CARNOT 31555 TOULOUSE,43.60314316,1.44945618,http://www.casino.fr/ecommerce/GC-catalog/fr/WE31143/?moderetrait=Z2,https://maps.google.com/maps?dirflg=d&daddr=43.60314316%2C1.44945618&hl=fr
108,Casino,33,Supermarché Casino Talence,Supermarche_Casino_Talence,33522 TALENCE,412 COURS DE LA LIBERATION 33522 TALENCE,44.80681194,-0.5916359,http://www.casino.fr/ecommerce/GC-catalog/fr/WE33914/?moderetrait=Z4,https://maps.google.com/maps?dirflg=d&daddr=44.80681194%2C-0.5916359&hl=fr
110,Casino,34,Supermarché Casino BEZIERS Polygone,Supermarche_Casino_BEZIERS_Polygone,34032 BEZIERS,3 CARREFOUR HOURS 34032 BEZIERS,43.344233,3.215795,http://www.casino.fr/ecommerce/GC-catalog/fr/WE34380/?moderetrait=Z4,https://maps.google.com/maps?dirflg=d&daddr=43.344233%2C3.215795&hl=fr
111,Casino,34,Supermarché Casino BEZIERS Riquet,Supermarche_Casino_BEZIERS_Riquet,34032 BEZIERS,5 ALLEES PAUL RIQUET 34032 BEZIERS,43.3424639,3.2121908,http://www.casino.fr/ecommerce/GC-catalog/fr/WE34979/?moderetrait=Z2,https://maps.google.com/maps?dirflg=d&daddr=43.3424639%2C3.2121908&hl=fr
114,Casino,34,Supermarché Casino Montpellier Rte De Toulouse,Supermarche_Casino_Montpellier_Rte_De_Toulouse,34000 MONTPELLIER,59 ROUTE DE TOULOUSE 34000 MONTPELLIER,43.59729197,3.864169,http://www.casino.fr/ecommerce/GC-catalog/fr/WE34961/?moderetrait=Z4,https://maps.google.com/maps?dirflg=d&daddr=43.59729197%2C3.864169&hl=fr
115,Casino,34,Casino #drive24/24 MONTPELLIER Trinquat,Casino__drive24_24_MONTPELLIER_Trinquat,34172 MONTPELLIER,201 AVENUE DU PONT TRINQUAT 34172 MONTPELLIER,43.6004672,3.8870919,http://www.casino.fr/ecommerce/GC-catalog/fr/WE34738/?moderetrait=ZC&depotIdPrl=DXXFNH&depotIdRef=A34738,https://maps.google.com/maps?dirflg=d&daddr=43.6004672%2C3.8870919&hl=fr
119,Casino,38,Supermarché Casino GRENOBLE Le Rondeau,Supermarche_Casino_GRENOBLE_Le_Rondeau,38151 ECHIROLLES,46 COURS JEAN JAURES 38151 ECHIROLLES,45.151311,5.706136,http://www.casino.fr/ecommerce/GC-catalog/fr/WE38989/?moderetrait=Z4,https://maps.google.com/maps?dirflg=d&daddr=45.151311%2C5.706136&hl=fr
120,Casino,38,Supermarché Casino Grenoble Joseph Vallier,Supermarche_Casino_Grenoble_Joseph_Vallier,38185 GRENOBLE,24 BIS BOULEVARD JOSEPH VALLIER 38185 GRENOBLE,45.1803,5.71159,http://www.casino.fr/ecommerce/GC-catalog/fr/WE38990/?moderetrait=Z2,https://maps.google.com/maps?dirflg=d&daddr=45.1803%2C5.71159&hl=fr
122,Casino,38,Supermarché Casino Saint-Barthelemy-Beaurepaire,Supermarche_Casino_Saint-Barthelemy-Beaurepaire,38363 ST BARTHELEMY BEAUREPAIRE,1387 ROUTE DE BEAUREPAIRE 38363 ST BARTHELEMY BEAUREPAIRE,45.34191463,5.08211802,http://www.casino.fr/ecommerce/GC-catalog/fr/WE38250/?moderetrait=Z4,https://maps.google.com/maps?dirflg=d&daddr=45.34191463%2C5.08211802&hl=fr
123,Casino,38,Supermarché Casino Saint-Jean-De-Bournay,Supermarche_Casino_Saint-Jean-De-Bournay,38399 ST JEAN DE BOURNAY,4 ROUTE DES ECHARRIERES 38399 ST JEAN DE BOURNAY,45.49643468,5.1452056,http://www.casino.fr/ecommerce/GC-catalog/fr/WE38401/?moderetrait=Z2,https://maps.google.com/maps?dirflg=d&daddr=45.49643468%2C5.1452056&hl=fr
124,Casino,38,Supermarché Casino Susville,Supermarche_Casino_Susville,38499 SUSVILLE,ALLEE DE LA MOUCHE 38499 SUSVILLE,44.92458387,5.78331232,http://www.casino.fr/ecommerce/GC-catalog/fr/WE38560/?moderetrait=Z4,https://maps.google.com/maps?dirflg=d&daddr=44.92458387%2C5.78331232&hl=fr
125,Casino,38,Supermarché Casino Vézeronce,Supermarche_Casino_Vezeronce,38543 VEZERONCE CURTIN,230 ROUTE DE LA CHARTREUSE 38543 VEZERONCE CURTIN,45.6555609,5.479809,http://www.casino.fr/ecommerce/GC-catalog/fr/WE38963/?moderetrait=Z4,https://maps.google.com/maps?dirflg=d&daddr=45.6555609%2C5.479809&hl=fr
128,Casino,40,Supermarché Casino SAINT-PIERRE-DU-MONT,Supermarche_Casino_SAINT-PIERRE-DU-MONT,40281 ST PIERRE DU MONT,600 AVENUE DE SAINT SEVER 40281 ST PIERRE DU MONT,43.87797,-0.50581,http://www.casino.fr/ecommerce/GC-catalog/fr/WE40398/?moderetrait=Z4,https://maps.google.com/maps?dirflg=d&daddr=43.87797%2C-0.50581&hl=fr
130,Casino,41,Supermarché Casino Veuzain-Sur-Loire,Supermarche_Casino_Veuzain-Sur-Loire,41167 VEUZAIN SUR LOIRE,35 RUE GUSTAVE MARC 41167 VEUZAIN SUR LOIRE,47.4969325,1.1785576,http://www.casino.fr/ecommerce/GC-catalog/fr/WEDXGWK/?moderetrait=Z4,https://maps.google.com/maps?dirflg=d&daddr=47.4969325%2C1.1785576&hl=fr
131,Casino,42,Supermarché Casino Feurs Randan,Supermarche_Casino_Feurs_Randan,42094 FEURS,4 GRANDE RUE DE RANDAN 42094 FEURS,45.75,4.2333,http://www.casino.fr/ecommerce/GC-catalog/fr/WE42558/?moderetrait=Z4,https://maps.google.com/maps?dirflg=d&daddr=45.75%2C4.2333&hl=fr
132,Casino,42,Casino #toutprès Saint Etienne Square Stalingrad,Casino__toutpres_Saint_Etienne_Square_Stalingrad,42218 ST ETIENNE,22 AVENUE DENFERT ROCHEREAU 42218 ST ETIENNE,45.4427739,4.3986208,http://www.casino.fr/ecommerce/GC-catalog/fr/WE42567/?moderetrait=Z2,https://maps.google.com/maps?dirflg=d&daddr=45.4427739%2C4.3986208&hl=fr
133,Casino,42,Supermarché Casino Saint-Etienne Bergson,Supermarche_Casino_Saint-Etienne_Bergson,42218 ST ETIENNE,60 RUE BERGSON 42218 ST ETIENNE,45.4536393,4.38344973,http://www.casino.fr/ecommerce/GC-catalog/fr/WE42264/?moderetrait=Z2,https://maps.google.com/maps?dirflg=d&daddr=45.4536393%2C4.38344973&hl=fr
134,Casino,42,Supermarché Casino Saint-Galmier,Supermarche_Casino_Saint-Galmier,42222 ST GALMIER,RUE DE LA RICHELANDE 42222 ST GALMIER,45.58438806,4.31198872,http://www.casino.fr/ecommerce/GC-catalog/fr/WE42766/?moderetrait=Z4,https://maps.google.com/maps?dirflg=d&daddr=45.58438806%2C4.31198872&hl=fr
135,Casino,42,Supermarché Casino Saint-Just-Saint-Rambert,Supermarche_Casino_Saint-Just-Saint-Rambert,42279 ST JUST ST RAMBERT,146 ROUTE DE BONSON 42279 ST JUST ST RAMBERT,45.50627241,4.24583323,http://www.casino.fr/ecommerce/GC-catalog/fr/WE42233/?moderetrait=Z4,https://maps.google.com/maps?dirflg=d&daddr=45.50627241%2C4.24583323&hl=fr
136,Casino,42,Supermarché Casino SAINT-ETIENNE Ratarieux,Supermarche_Casino_SAINT-ETIENNE_Ratarieux,42270 ST PRIEST EN JAREZ,RATARIEUX 42270 ST PRIEST EN JAREZ,45.478974,4.357521,http://www.casino.fr/ecommerce/GC-catalog/fr/WE42952/?moderetrait=Z4,https://maps.google.com/maps?dirflg=d&daddr=45.478974%2C4.357521&hl=fr
137,Casino,43,Supermarché Casino Aurec-Sur-Loire,Supermarche_Casino_Aurec-Sur-Loire,43012 AUREC SUR LOIRE,ROUTE DE FIRMINY 43012 AUREC SUR LOIRE,45.37700559,4.21729088,http://www.casino.fr/ecommerce/GC-catalog/fr/WE43504/?moderetrait=Z4,https://maps.google.com/maps?dirflg=d&daddr=45.37700559%2C4.21729088&hl=fr
138,Casino,43,Supermarché Casino Chaspuzac,Supermarche_Casino_Chaspuzac,43062 CHASPUZAC,11 RUE DE L AVIATION 43062 CHASPUZAC,45.0730896,3.76067853,http://www.casino.fr/ecommerce/GC-catalog/fr/WE43463/?moderetrait=Z4,https://maps.google.com/maps?dirflg=d&daddr=45.0730896%2C3.76067853&hl=fr
140,Casino,46,Supermarché Casino CAHORS,Supermarche_Casino_CAHORS,46042 CAHORS,PLACE EMILIEN IMBERT 46042 CAHORS,44.444456,1.441196,http://www.casino.fr/ecommerce/GC-catalog/fr/WE46718/?moderetrait=Z2,https://maps.google.com/maps?dirflg=d&daddr=44.444456%2C1.441196&hl=fr
142,Casino,47,Supermarché Casino LE PASSAGE D'AGEN,Supermarche_Casino_LE_PASSAGE_D_AGEN,47520 LE PASSAGE,LIEU DIT LACASSAGNE 47520 LE PASSAGE,44.194759,0.598583,http://www.casino.fr/ecommerce/GC-catalog/fr/WE47592/?moderetrait=Z4,https://maps.google.com/maps?dirflg=d&daddr=44.194759%2C0.598583&hl=fr
143,Casino,47,Supermarché Casino Monflanquin,Supermarche_Casino_Monflanquin,47175 MONFLANQUIN,ROUTE DE VILLENEUVE SUR LOT 47175 MONFLANQUIN,44.529571,0.766511,http://www.casino.fr/ecommerce/GC-catalog/fr/WE47706/?moderetrait=Z4,https://maps.google.com/maps?dirflg=d&daddr=44.529571%2C0.766511&hl=fr
146,Casino,50,Supermarché Casino Donville-Les-Bains,Supermarche_Casino_Donville-Les-Bains,50165 DONVILLE LES BAINS,RUE DE LA GARE 50165 DONVILLE LES BAINS,48.8432468,-1.5863616,http://www.casino.fr/ecommerce/GC-catalog/fr/WEDXGPV/?moderetrait=Z4,https://maps.google.com/maps?dirflg=d&daddr=48.8432468%2C-1.5863616&hl=fr
147,Casino,50,Supermarché Casino Portbail,Supermarche_Casino_Portbail,50412 PORT BAIL SUR MER,13 RUE DU PERE ALBERT 50412 PORT BAIL SUR MER,49.33506588,-1.68928163,http://www.casino.fr/ecommerce/GC-catalog/fr/WEDXGTL/?moderetrait=Z2,https://maps.google.com/maps?dirflg=d&daddr=49.33506588%2C-1.68928163&hl=fr
148,Casino,50,Supermarché Casino SAINT-PAIR-SUR-MER,Supermarche_Casino_SAINT-PAIR-SUR-MER,50532 ST PAIR SUR MER,ROUTE DU CROISSANT 50532 ST PAIR SUR MER,48.813634,-1.546133,http://www.casino.fr/ecommerce/GC-catalog/fr/WEDXGPT/?moderetrait=Z4,https://maps.google.com/maps?dirflg=d&daddr=48.813634%2C-1.546133&hl=fr
149,Casino,50,Supermarché Casino VILLEDIEU-LES-POELES,Supermarche_Casino_VILLEDIEU-LES-POELES,50800 VILLEDIEU LES POELES,LE PRE DE LA CAVEE 50800 VILLEDIEU LES POELES,48.848204,-1.210729,http://www.casino.fr/ecommerce/GC-catalog/fr/WEDXGPU/?moderetrait=Z4,https://maps.google.com/maps?dirflg=d&daddr=48.848204%2C-1.210729&hl=fr
150,Casino,56,Supermarché Casino Le-Palais,Supermarche_Casino_Le-Palais,56152 LE PALAIS,ROUTE DE BANGOR 56152 LE PALAIS,47.34098394,-3.15851791,http://www.casino.fr/ecommerce/GC-catalog/fr/WE56181/?moderetrait=Z4,https://maps.google.com/maps?dirflg=d&daddr=47.34098394%2C-3.15851791&hl=fr
152,Casino,56,Supermarché Casino MALESTROIT,Supermarche_Casino_MALESTROIT,56124 MALESTROIT,RUE DE LA GARE 56124 MALESTROIT,47.808415,-2.39256,http://www.casino.fr/ecommerce/GC-catalog/fr/WE56778/?moderetrait=Z4,https://maps.google.com/maps?dirflg=d&daddr=47.808415%2C-2.39256&hl=fr
153,Casino,56,Supermarché Casino Quiberon,Supermarche_Casino_Quiberon,56186 QUIBERON,PORT HALIGUEN 56186 QUIBERON,47.48647194,-3.115473,http://www.casino.fr/ecommerce/GC-catalog/fr/WE56282/?moderetrait=Z4,https://maps.google.com/maps?dirflg=d&daddr=47.48647194%2C-3.115473&hl=fr
154,Casino,56,Supermarché Casino SARZEAU,Supermarche_Casino_SARZEAU,56240 SARZEAU,RUE ADRIEN REGENT 56240 SARZEAU,47.5276065,-2.7558668,http://www.casino.fr/ecommerce/GC-catalog/fr/WE56251/?moderetrait=Z4,https://maps.google.com/maps?dirflg=d&daddr=47.5276065%2C-2.7558668&hl=fr
156,Casino,62,Supermarché Casino LAVENTIE,Supermarche_Casino_LAVENTIE,62491 LAVENTIE,57 59 RUE ROBERT PARFAIT 62491 LAVENTIE,50.6258841,2.7725309,http://www.casino.fr/ecommerce/GC-catalog/fr/WE62840/?moderetrait=Z4,https://maps.google.com/maps?dirflg=d&daddr=50.6258841%2C2.7725309&hl=fr
158,Casino,64,Supermarché Casino Orthez,Supermarche_Casino_Orthez,64430 ORTHEZ,AVENUE DU 8 MAI 1945 64430 ORTHEZ,43.490259,-0.783871,http://www.casino.fr/ecommerce/GC-catalog/fr/WE64124/?moderetrait=Z2,https://maps.google.com/maps?dirflg=d&daddr=43.490259%2C-0.783871&hl=fr
161,Casino,69,Supermarché Casino Bron Roosevelt,Supermarche_Casino_Bron_Roosevelt,69029 BRON,142 144 AVENUE FRANKLIN ROOSEVELT 69029 BRON,45.73347028,4.90834772,http://www.casino.fr/ecommerce/GC-catalog/fr/WE69784/?moderetrait=Z2,https://maps.google.com/maps?dirflg=d&daddr=45.73347028%2C4.90834772&hl=fr
162,Casino,69,Supermarché Casino Bron Route De Genas,Supermarche_Casino_Bron_Route_De_Genas,69029 BRON,269 ROUTE DE GENAS 69029 BRON,45.75071386,4.90888373,http://www.casino.fr/ecommerce/GC-catalog/fr/WE69960/?moderetrait=Z4,https://maps.google.com/maps?dirflg=d&daddr=45.75071386%2C4.90888373&hl=fr
163,Casino,69,Supermarché Casino LYON Bachut,Supermarche_Casino_LYON_Bachut,69388 LYON,321 AVENUE BERTHELOT 69388 LYON,45.737058,4.867592,http://www.casino.fr/ecommerce/GC-catalog/fr/WE69713/?moderetrait=Z4,https://maps.google.com/maps?dirflg=d&daddr=45.737058%2C4.867592&hl=fr
164,Casino,69,Casino #drive24/24 LYON Madeleine,Casino__drive24_24_LYON_Madeleine,69387 LYON,20 RUE DE LA MADELEINE 69387 LYON,45.74837,4.84792,http://www.casino.fr/ecommerce/GC-catalog/fr/WE69713/?moderetrait=ZC&depotIdPrl=D68942&depotIdRef=A69713,https://maps.google.com/maps?dirflg=d&daddr=45.74837%2C4.84792&hl=fr
165,Casino,69,Supermarché Casino Lyon Mermoz,Supermarche_Casino_Lyon_Mermoz,69388 LYON,105 AVENUE JEAN MERMOZ 69388 LYON,45.73205959,4.88297315,http://www.casino.fr/ecommerce/GC-catalog/fr/WE69995/?moderetrait=Z4,https://maps.google.com/maps?dirflg=d&daddr=45.73205959%2C4.88297315&hl=fr
166,Casino,69,Supermarché Casino Lyon Vaise,Supermarche_Casino_Lyon_Vaise,69389 LYON,74 76 RUE DE SAINT CYR 69389 LYON,45.78583632,4.80790817,http://www.casino.fr/ecommerce/GC-catalog/fr/WE69917/?moderetrait=Z4,https://maps.google.com/maps?dirflg=d&daddr=45.78583632%2C4.80790817&hl=fr
167,Casino,69,Supermarché Casino Mornant,Supermarche_Casino_Mornant,69141 MORNANT,RUE LOUIS GUILLAUMOND 69141 MORNANT,45.61935,4.67803,http://www.casino.fr/ecommerce/GC-catalog/fr/WE69739/?moderetrait=Z4,https://maps.google.com/maps?dirflg=d&daddr=45.61935%2C4.67803&hl=fr
168,Casino,69,Supermarché Casino NEUVILLE-SUR-SAONE,Supermarche_Casino_NEUVILLE-SUR-SAONE,69143 NEUVILLE SUR SAONE,4 6 RUE POLLET 69143 NEUVILLE SUR SAONE,45.876367,4.8434748,http://www.casino.fr/ecommerce/GC-catalog/fr/WEDXLOL/?moderetrait=Z4,https://maps.google.com/maps?dirflg=d&daddr=45.876367%2C4.8434748&hl=fr
169,Casino,69,Supermarché Casino Saint-Bonnet-De-Mure,Supermarche_Casino_Saint-Bonnet-De-Mure,69287 ST BONNET DE MURE,ROUTE NATIONALE 6 69287 ST BONNET DE MURE,45.69747152,5.02398788,http://www.casino.fr/ecommerce/GC-catalog/fr/WE69158/?moderetrait=Z4,https://maps.google.com/maps?dirflg=d&daddr=45.69747152%2C5.02398788&hl=fr
170,Casino,69,Supermarché Casino Vénissieux Vénissy,Supermarche_Casino_Venissieux_Venissy,69259 VENISSIEUX,RUE LOUNES MATOUB 69259 VENISSIEUX,45.6964352,4.8698129,http://www.casino.fr/ecommerce/GC-catalog/fr/WE69900/?moderetrait=Z2,https://maps.google.com/maps?dirflg=d&daddr=45.6964352%2C4.8698129&hl=fr
171,Casino,69,Casino #drive24/24 VILLEURBANNE Eni,Casino__drive24_24_VILLEURBANNE_Eni,69266 VILLEURBANNE,112B RUE LEON BLUM 69266 VILLEURBANNE,45.76021,4.90131,http://www.casino.fr/ecommerce/GC-catalog/fr/WE69713/?moderetrait=ZC&depotIdPrl=D68058&depotIdRef=A69713,https://maps.google.com/maps?dirflg=d&daddr=45.76021%2C4.90131&hl=fr
172,Casino,69,Casino #drive24/24 VILLEURBANNE Tolstoï,Casino__drive24_24_VILLEURBANNE_Tolstoi,69266 VILLEURBANNE,169 COURS TOLSTOI 69266 VILLEURBANNE,45.7598861,4.8873226,http://www.casino.fr/ecommerce/GC-catalog/fr/WE69713/?moderetrait=ZC&depotIdPrl=D68056&depotIdRef=A69713,https://maps.google.com/maps?dirflg=d&daddr=45.7598861%2C4.8873226&hl=fr
173,Casino,70,Supermarché Casino Arc-Les-Gray,Supermarche_Casino_Arc-Les-Gray,70026 ARC LES GRAY,AVENUE CHARLES COUYBA 70026 ARC LES GRAY,47.45170665,5.59029812,http://www.casino.fr/ecommerce/GC-catalog/fr/WE70552/?moderetrait=Z4,https://maps.google.com/maps?dirflg=d&daddr=47.45170665%2C5.59029812&hl=fr
174,Casino,71,Supermarché Casino MONTCEAU-LES-MINES,Supermarche_Casino_MONTCEAU-LES-MINES,71306 MONTCEAU LES MINES,BD DE LATTRE DE TASSIGNY 71306 MONTCEAU LES MINES,46.67706,4.369234,http://www.casino.fr/ecommerce/GC-catalog/fr/WE71831/?moderetrait=Z4,https://maps.google.com/maps?dirflg=d&daddr=46.67706%2C4.369234&hl=fr
175,Casino,71,Supermarché Casino TORCY-MONTCHANIN,Supermarche_Casino_TORCY-MONTCHANIN,71210 TORCY,1111 BOULEVARD DU 8 MAI 1945 71210 TORCY,46.78055449,4.44038254,http://www.casino.fr/ecommerce/GC-catalog/fr/WE71836/?moderetrait=Z4,https://maps.google.com/maps?dirflg=d&daddr=46.78055449%2C4.44038254&hl=fr
176,Casino,73,Supermarché Casino AIME,Supermarche_Casino_AIME,73006 AIME LA PLAGNE,AVENUE DE LA TARENTAISE 73006 AIME LA PLAGNE,45.5543989,6.6434099,http://www.casino.fr/ecommerce/GC-catalog/fr/WEDXGTK/?moderetrait=Z4,https://maps.google.com/maps?dirflg=d&daddr=45.5543989%2C6.6434099&hl=fr
182,Casino,73,Supermarché Casino Moutiers,Supermarche_Casino_Moutiers,73181 MOUTIERS TARENTAISE,446 AV XV JEUX OLYMPIQUES HIVER 73181 MOUTIERS TARENTAISE,45.4872,6.5307099,http://www.casino.fr/ecommerce/GC-catalog/fr/WE73399/?moderetrait=Z2,https://maps.google.com/maps?dirflg=d&daddr=45.4872%2C6.5307099&hl=fr
184,Casino,73,Supermarché Casino SAINT-JEAN-DE-MAURIENNE,Supermarche_Casino_SAINT-JEAN-DE-MAURIENNE,73248 ST JEAN DE MAURIENNE,RUE SAINT ANTOINE 73248 ST JEAN DE MAURIENNE,45.275403,6.344886,http://www.casino.fr/ecommerce/GC-catalog/fr/WE73242/?moderetrait=Z4,https://maps.google.com/maps?dirflg=d&daddr=45.275403%2C6.344886&hl=fr
185,Casino,74,Supermarché Casino Meythet,Supermarche_Casino_Meythet,74182 ANNECY,ROUTE DE FRANGY 74182 ANNECY,45.914298,6.092301,http://www.casino.fr/ecommerce/GC-catalog/fr/WE74680/?moderetrait=Z2,https://maps.google.com/maps?dirflg=d&daddr=45.914298%2C6.092301&hl=fr
196,Casino,74,Supermarché Casino PERS-JUSSY,Supermarche_Casino_PERS-JUSSY,74211 PERS JUSSY,240 IMPASSE DES CONTAMINES 74211 PERS JUSSY,46.1225257,6.26768782,http://www.casino.fr/ecommerce/GC-catalog/fr/WE74703/?moderetrait=Z4,https://maps.google.com/maps?dirflg=d&daddr=46.1225257%2C6.26768782&hl=fr
198,Casino,74,Supermarché Casino Thonon-Les-Bains,Supermarche_Casino_Thonon-Les-Bains,74281 THONON LES BAINS,AVENUE DU GENERAL DE GAULLE 74281 THONON LES BAINS,46.3698811,6.477535,http://www.casino.fr/ecommerce/GC-catalog/fr/WE74267/?moderetrait=Z2,https://maps.google.com/maps?dirflg=d&daddr=46.3698811%2C6.477535&hl=fr
199,Casino,75,Supermarché Casino Paris Chemin Vert,Supermarche_Casino_Paris_Chemin_Vert,75111 PARIS,20 RUE DU CHEMIN VERT 75111 PARIS,48.858182,2.3720725,http://www.casino.fr/ecommerce/GC-catalog/fr/WE75710/?moderetrait=Z2,https://maps.google.com/maps?dirflg=d&daddr=48.858182%2C2.3720725&hl=fr
203,Casino,77,Supermarché Casino MAGNY-LE-HONGRE,Supermarche_Casino_MAGNY-LE-HONGRE,77268 MAGNY LE HONGRE,RUE DES LABOURS 77268 MAGNY LE HONGRE,48.8674205,2.81239,http://www.casino.fr/ecommerce/GC-catalog/fr/WE77131/?moderetrait=Z2,https://maps.google.com/maps?dirflg=d&daddr=48.8674205%2C2.81239&hl=fr
207,Casino,82,Supermarché Casino Beaumont-De-Lomagne,Supermarche_Casino_Beaumont-De-Lomagne,82013 BEAUMONT DE LOMAGNE,ZA BORDEVIEILLE 82013 BEAUMONT DE LOMAGNE,43.879521,0.985079,http://www.casino.fr/ecommerce/GC-catalog/fr/WE82737/?moderetrait=Z2,https://maps.google.com/maps?dirflg=d&daddr=43.879521%2C0.985079&hl=fr
209,Casino,83,Supermarché Casino Brignoles,Supermarche_Casino_Brignoles,83170 BRIGNOLES,PRE DE PAQUES 83170 BRIGNOLES,43.41045321,6.06097254,http://www.casino.fr/ecommerce/GC-catalog/fr/WE83642/?moderetrait=Z4,https://maps.google.com/maps?dirflg=d&daddr=43.41045321%2C6.06097254&hl=fr
210,Casino,83,Supermarché Casino Carqueiranne,Supermarche_Casino_Carqueiranne,83320 CARQUEIRANNE,QUARTIER ST VINCENT 83320 CARQUEIRANNE,43.09736989,6.07100986,http://www.casino.fr/ecommerce/GC-catalog/fr/WE83887/?moderetrait=Z4,https://maps.google.com/maps?dirflg=d&daddr=43.09736989%2C6.07100986&hl=fr
211,Casino,83,Supermarché Casino Hyères Route des Iles,Supermarche_Casino_Hyeres_Route_des_Iles,83069 HYERES,AVENUE PIERRE RENAUDEL 83069 HYERES,43.10946307,6.12878095,http://www.casino.fr/ecommerce/GC-catalog/fr/WE83969/?moderetrait=Z4,https://maps.google.com/maps?dirflg=d&daddr=43.10946307%2C6.12878095&hl=fr
212,Casino,83,Supermarché Casino LA LONDE VILLAGE,Supermarche_Casino_LA_LONDE_VILLAGE,83071 LA LONDE LES MAURES,ROUTE NATIONALE 98 83071 LA LONDE LES MAURES,43.13716998,6.2316088,http://www.casino.fr/ecommerce/GC-catalog/fr/WE83252/?moderetrait=Z2,https://maps.google.com/maps?dirflg=d&daddr=43.13716998%2C6.2316088&hl=fr
213,Casino,83,Supermarché Casino La-Seyne-Sur-Mer Garibaldi,Supermarche_Casino_La-Seyne-Sur-Mer_Garibaldi,83126 LA SEYNE SUR MER,4 AVENUE GARIBALDI 83126 LA SEYNE SUR MER,43.09964586,5.88295929,http://www.casino.fr/ecommerce/GC-catalog/fr/WE83607/?moderetrait=Z2,https://maps.google.com/maps?dirflg=d&daddr=43.09964586%2C5.88295929&hl=fr
214,Casino,83,Supermarché Casino Le Beausset,Supermarche_Casino_Le_Beausset,83330 LE BEAUSSET,LD STE MADELEINE 83330 LE BEAUSSET,43.20473049,5.82382695,http://www.casino.fr/ecommerce/GC-catalog/fr/WE83501/?moderetrait=Z4,https://maps.google.com/maps?dirflg=d&daddr=43.20473049%2C5.82382695&hl=fr
215,Casino,83,Supermarché Casino LE-MUY,Supermarche_Casino_LE-MUY,83086 LE MUY,BOULEVARD DE LA LIBERATION 83086 LE MUY,43.4731004,6.57085692,http://www.casino.fr/ecommerce/GC-catalog/fr/WE83475/?moderetrait=Z4,https://maps.google.com/maps?dirflg=d&daddr=43.4731004%2C6.57085692&hl=fr
216,Casino,83,Supermarché Casino Lorgues,Supermarche_Casino_Lorgues,83072 LORGUES,29 AVENUE DE TOULON 83072 LORGUES,43.4911042,6.35647609,http://www.casino.fr/ecommerce/GC-catalog/fr/WE83148/?moderetrait=Z4,https://maps.google.com/maps?dirflg=d&daddr=43.4911042%2C6.35647609&hl=fr
218,Casino,83,Supermarché Casino SALERNES,Supermarche_Casino_SALERNES,83121 SALERNES,QUARTIER PELCOURT 83121 SALERNES,43.559142,6.2531273,http://www.casino.fr/ecommerce/GC-catalog/fr/WE83150/?moderetrait=Z4,https://maps.google.com/maps?dirflg=d&daddr=43.559142%2C6.2531273&hl=fr
220,Casino,83,Supermarché Casino Sanary-Sur-Mer La Buge,Supermarche_Casino_Sanary-Sur-Mer_La_Buge,83123 SANARY SUR MER,84 CHEMIN DE LA BUGE 83123 SANARY SUR MER,43.12002457,5.80931512,http://www.casino.fr/ecommerce/GC-catalog/fr/WE83269/?moderetrait=Z4,https://maps.google.com/maps?dirflg=d&daddr=43.12002457%2C5.80931512&hl=fr
222,Casino,83,Supermarché Casino Sollies Pont,Supermarche_Casino_Sollies_Pont,83130 SOLLIES PONT,10 ROND POINT DES ANDUES 83130 SOLLIES PONT,43.20405319,6.04746112,http://www.casino.fr/ecommerce/GC-catalog/fr/WE83240/?moderetrait=Z4,https://maps.google.com/maps?dirflg=d&daddr=43.20405319%2C6.04746112&hl=fr
224,Casino,83,Supermarché Casino Toulon Port Marchand,Supermarche_Casino_Toulon_Port_Marchand,83137 TOULON,R COMMISSAIRE GENERAL FAYAL 83137 TOULON,43.11348887,5.93927408,http://www.casino.fr/ecommerce/GC-catalog/fr/WE83999/?moderetrait=Z2,https://maps.google.com/maps?dirflg=d&daddr=43.11348887%2C5.93927408&hl=fr
225,Casino,83,Supermarché Casino Toulon Siblas,Supermarche_Casino_Toulon_Siblas,83137 TOULON,484 AVENUE DE SIBLAS 83137 TOULON,43.13043489,5.93787926,http://www.casino.fr/ecommerce/GC-catalog/fr/WE83151/?moderetrait=Z4,https://maps.google.com/maps?dirflg=d&daddr=43.13043489%2C5.93787926&hl=fr
226,Casino,84,Supermarché Casino Avignon - Drive et livraison INTRAMUROS,Supermarche_Casino_Avignon_-_Drive_et_livraison_INTRAMUROS,84007 AVIGNON,36 BOULEVARD LIMBERT 84007 AVIGNON,43.949945,4.819908,http://www.casino.fr/ecommerce/GC-catalog/fr/WE84982/?moderetrait=Z4,https://maps.google.com/maps?dirflg=d&daddr=43.949945%2C4.819908&hl=fr
228,Casino,85,Supermarché Casino SAINTE-HERMINE,Supermarche_Casino_SAINTE-HERMINE,85223 STE HERMINE,132 ROUTE DE NANTES 85223 STE HERMINE,46.561826,-1.059498,http://www.casino.fr/ecommerce/GC-catalog/fr/WE85767/?moderetrait=Z4,https://maps.google.com/maps?dirflg=d&daddr=46.561826%2C-1.059498&hl=fr
229,Casino,87,Supermarché Casino SAINT-MATHIEU,Supermarche_Casino_SAINT-MATHIEU,87440 ST MATHIEU,ROUTE DE LA METEORITE 87440 ST MATHIEU,45.7078,0.759534,http://www.casino.fr/ecommerce/GC-catalog/fr/WE87070/?moderetrait=Z2,https://maps.google.com/maps?dirflg=d&daddr=45.7078%2C0.759534&hl=fr
230,Casino,91,Casino Drive ARPAJON-Avrainville,Casino_Drive_ARPAJON-Avrainville,91630 AVRAINVILLE,1 ROUTE D ARPAJON 91630 AVRAINVILLE,48.574151,2.238999,http://www.casino.fr/casinoexpress_web/GC-catalog/fr/WE91062/?moderetrait=Z5,https://maps.google.com/maps?dirflg=d&daddr=48.574151%2C2.238999&hl=fr
235,Casino,95,Supermarché Casino Deuil-La-Barre,Supermarche_Casino_Deuil-La-Barre,95197 DEUIL LA BARRE,6 RUE CHARLES DE GAULLE 95197 DEUIL LA BARRE,48.9753286,2.3251181,http://www.casino.fr/ecommerce/GC-catalog/fr/WE95206/?moderetrait=Z2,https://maps.google.com/maps?dirflg=d&daddr=48.9753286%2C2.3251181&hl=fr
